z-1,z-2,z-3,z-4,z-5,z-6,z-7,z-8,z-9,z-10,z-11,z-12,z-13,z-14,z-15,z-16,z-17,z-18,z-19,z-20,z-21,z-22,z-23,z-24,z-25,z-26,z-27,z-28,z-29,z-30,z-31,z-32,z-33,z-34,z-35,z-36,type
0.0855199,0.0840489,0.0815968,0.0781638,0.0737498,0.0683548,0.0619788,0.0546218,0.0462838,0.0369648,0.0266648,0.0153838,0.00312175,-0.0101213,-0.0243453,-0.0395503,-0.0428038,-0.0408449,-0.039867,-0.0398701,-0.0408542,-0.0428193,-0.0457654,-0.0496925,-0.0546006,-0.0604897,-0.0673598,-0.0752109,-0.084043,-0.0938561,-0.10465,-0.116425,-0.126194,-0.129736,-0.134258,-0.139762,0
0.0855199,0.0840489,0.0815968,0.0781638,0.0737498,0.0683548,0.0619788,0.0546218,0.0462838,0.0369648,0.0266648,0.0153838,0.00312175,-0.0101213,-0.0243453,-0.0395503,-0.043412,-0.0426346,-0.0428383,-0.044023,-0.0461887,-0.0493353,-0.053463,-0.0585717,-0.0646614,-0.071732,-0.0797837,-0.0888164,-0.0988301,-0.10548,-0.109776,-0.115053,-0.121312,-0.128551,-0.135972,-0.142037,1
0.0746839,0.0738848,0.0721048,0.0693438,0.0656018,0.0608787,0.0551747,0.0484897,0.0408237,0.0321766,0.0225486,0.0119396,0.000349562,-0.0122215,-0.0257735,-0.0403065,-0.0466192,-0.0457463,-0.0458543,-0.0469434,-0.0490134,-0.0520645,-0.0560965,-0.0611096,-0.0671036,-0.0740787,-0.0820347,-0.0909718,-0.10089,-0.105645,-0.110088,-0.115512,-0.121917,-0.129303,-0.1356,-0.141914,1
0.0746839,0.0738848,0.0721048,0.0693438,0.0656018,0.0608787,0.0551747,0.0484897,0.0408237,0.0321766,0.0225486,0.0119396,0.000349562,-0.0122215,-0.0257735,-0.0403065,-0.0462106,-0.0441912,-0.0431527,-0.0430953,-0.0440189,-0.0459235,-0.048809,-0.0526756,-0.0575232,-0.0633518,-0.0701613,-0.0779519,-0.0867235,-0.0964761,-0.10721,-0.118924,-0.125194,-0.128997,-0.133781,-0.139545,0
0.0657474,0.0643745,0.0620205,0.0586856,0.0543697,0.0490728,0.0427949,0.035536,0.0272961,0.0180752,0.00787327,-0.00330964,-0.0154735,-0.0286185,-0.0426933,-0.04126,-0.0398218,-0.0393646,-0.0398883,-0.0413931,-0.0438788,-0.0473456,-0.0517933,-0.0572221,-0.0636319,-0.0710226,-0.0793944,-0.0887471,-0.0990809,-0.110383,-0.114027,-0.117956,-0.122867,-0.128759,-0.135631,-0.143485,0
0.0657474,0.0643745,0.0620205,0.0586856,0.0543697,0.0490728,0.0427949,0.035536,0.0272961,0.0180752,0.00787327,-0.00330964,-0.0154735,-0.0286185,-0.0426827,-0.0421075,-0.0417528,-0.0423792,-0.0439865,-0.0465748,-0.0501442,-0.0546945,-0.0602258,-0.0667381,-0.0742315,-0.0827058,-0.0921512,-0.0960352,-0.100409,-0.105765,-0.112101,-0.119233,-0.124672,-0.131016,-0.137143,-0.143491,1
0.0835882,0.0825106,0.0804519,0.0774123,0.0733917,0.0683901,0.0624074,0.0554438,0.0474992,0.0385735,0.0286669,0.0177793,0.00591066,-0.00693897,-0.0207696,-0.0355812,-0.0453468,-0.0430408,-0.0417158,-0.0413718,-0.0420088,-0.0436268,-0.0462258,-0.0498058,-0.0543668,-0.0599088,-0.0664318,-0.0739358,-0.0824208,-0.0918868,-0.102334,-0.113762,-0.126078,-0.129712,-0.133909,-0.139087,0
0.0835882,0.0825106,0.0804519,0.0774123,0.0733917,0.0683901,0.0624074,0.0554438,0.0474992,0.0385735,0.0286669,0.0177793,0.00591066,-0.00693897,-0.0207696,-0.0355812,-0.0455291,-0.0444059,-0.0442636,-0.0451023,-0.0469221,-0.0497228,-0.0535046,-0.0582673,-0.064011,-0.0707358,-0.0784415,-0.0871283,-0.096796,-0.105601,-0.109563,-0.114512,-0.120442,-0.127353,-0.135223,-0.141169,1
0.0800667,0.0794266,0.0778055,0.0752033,0.0716202,0.0670561,0.061511,0.0549849,0.0474778,0.0389897,0.0295206,0.0190705,0.00763943,-0.00477268,-0.0181658,-0.0325399,-0.0446168,-0.0422216,-0.040817,-0.0403933,-0.0409507,-0.042489,-0.0450083,-0.0485087,-0.05299,-0.0584524,-0.0648957,-0.07232,-0.0807254,-0.0901117,-0.100479,-0.111827,-0.122824,-0.126128,-0.130438,-0.135729,0
0.0800667,0.0794266,0.0778055,0.0752033,0.0716202,0.0670561,0.061511,0.0549849,0.0474778,0.0389897,0.0295206,0.0190705,0.00763943,-0.00477268,-0.0181658,-0.0325399,-0.0446404,-0.0433972,-0.0431527,-0.0438893,-0.0456068,-0.0483053,-0.0519849,-0.0566454,-0.062287,-0.0689095,-0.076513,-0.0850976,-0.0946631,-0.102591,-0.106602,-0.111594,-0.117567,-0.124522,-0.132007,-0.137844,1
0.0863188,0.085717,0.0841341,0.0815703,0.0780254,0.0734996,0.0679927,0.0615049,0.0540361,0.0455862,0.0361554,0.0257435,0.0143507,0.00197684,-0.011378,-0.0257138,-0.0410307,-0.0438238,-0.0431044,-0.0433659,-0.0446085,-0.0468321,-0.0500367,-0.0542223,-0.0593889,-0.0655364,-0.072665,-0.0807746,-0.0898652,-0.0999368,-0.106445,-0.110775,-0.116085,-0.122377,-0.12965,-0.13708,1
0.0863188,0.085717,0.0841341,0.0815703,0.0780254,0.0734996,0.0679927,0.0615049,0.0540361,0.0455862,0.0361554,0.0257435,0.0143507,0.00197684,-0.011378,-0.0257138,-0.0410307,-0.0431359,-0.0412267,-0.0402985,-0.0403513,-0.0413851,-0.0433999,-0.0463957,-0.0503725,-0.0553303,-0.0612691,-0.0681889,-0.0760897,-0.0849715,-0.0948343,-0.105678,-0.117503,-0.12725,-0.130807,-0.135344,0
0.065596,0.0647175,0.0628581,0.0600176,0.0561961,0.0513936,0.0456101,0.0388456,0.0311002,0.0223737,0.0126662,0.00197769,-0.00969179,-0.0223423,-0.0359738,-0.0479422,-0.0467287,-0.046535,-0.0473223,-0.0490905,-0.0518398,-0.05557,-0.0602813,-0.0659736,-0.0726468,-0.0803011,-0.0889363,-0.0985526,-0.102759,-0.107152,-0.112525,-0.11888,-0.126209,-0.131839,-0.138203,-0.144472,1
0.065596,0.0647175,0.0628581,0.0600176,0.0561961,0.0513936,0.0456101,0.0388456,0.0311002,0.0223737,0.0126662,0.00197769,-0.00969179,-0.0223423,-0.0359738,-0.0479435,-0.0456395,-0.0443404,-0.0440222,-0.0446851,-0.046329,-0.0489539,-0.0525598,-0.0571467,-0.0627145,-0.0692634,-0.0767933,-0.0853042,-0.0947961,-0.105269,-0.116723,-0.121288,-0.125168,-0.130029,-0.135871,-0.142695,0
0.0831644,0.0825164,0.0808875,0.0782775,0.0746865,0.0701146,0.0645616,0.0580277,0.0505127,0.0420168,0.0325398,0.0220819,0.0106429,-0.00177701,-0.015178,-0.0295599,-0.0449229,-0.0475741,-0.0468617,-0.0471303,-0.04838,-0.0506106,-0.0538223,-0.0580149,-0.0631885,-0.0693432,-0.0764788,-0.0845954,-0.0936931,-0.103772,-0.110406,-0.114726,-0.120028,-0.126311,-0.133575,-0.141079,1
0.0831644,0.0825164,0.0808875,0.0782775,0.0746865,0.0701146,0.0645616,0.0580277,0.0505127,0.0420168,0.0325398,0.0220819,0.0106429,-0.00177701,-0.015178,-0.0295599,-0.0449229,-0.0468741,-0.0449691,-0.0440451,-0.0441022,-0.0451402,-0.0471593,-0.0501593,-0.0541403,-0.0591024,-0.0650454,-0.0719695,-0.0798745,-0.0887606,-0.0986276,-0.109476,-0.121305,-0.131314,-0.134853,-0.139372,0
0.059798,0.0585438,0.0563086,0.0530924,0.0488951,0.0437169,0.0375577,0.0304175,0.0222963,0.0131941,0.00311089,-0.00795332,-0.0199985,-0.0330247,-0.0451558,-0.0439451,-0.0437801,-0.044596,-0.046393,-0.049171,-0.05293,-0.0576699,-0.0633909,-0.0700929,-0.0777759,-0.0864398,-0.0938991,-0.0976109,-0.102304,-0.107977,-0.114632,-0.12077,-0.126559,-0.132695,-0.138873,-0.145206,1
0.059798,0.0585438,0.0563086,0.0530924,0.0488951,0.0437169,0.0375577,0.0304175,0.0222963,0.0131941,0.00311089,-0.00795332,-0.0199985,-0.0330247,-0.0451863,-0.042942,-0.0417146,-0.0414683,-0.0422029,-0.0439186,-0.0466152,-0.0502929,-0.0549515,-0.0605912,-0.0672118,-0.0748135,-0.0833961,-0.0929598,-0.103504,-0.111645,-0.114978,-0.119292,-0.124587,-0.130863,-0.13812,-0.146358,0
0.0610863,0.0602255,0.0583836,0.0555608,0.051757,0.0469722,0.0412063,0.0344595,0.0267317,0.0180229,0.00833302,-0.0023378,-0.0139896,-0.0266225,-0.0402363,-0.0456504,-0.0449252,-0.0451811,-0.046418,-0.0486358,-0.0518347,-0.0560146,-0.0611754,-0.0673173,-0.0744402,-0.082544,-0.0916289,-0.0972024,-0.101268,-0.106314,-0.112342,-0.11935,-0.125022,-0.131139,-0.137255,-0.14353,1
0.0610863,0.0602255,0.0583836,0.0555608,0.051757,0.0469722,0.0412063,0.0344595,0.0267317,0.0180229,0.00833302,-0.0023378,-0.0139896,-0.0266225,-0.0402363,-0.0452343,-0.0434353,-0.0426173,-0.0427803,-0.0439242,-0.0460492,-0.0491552,-0.0532422,-0.0583102,-0.0643591,-0.0713891,-0.0794001,-0.0883921,-0.0983651,-0.109319,-0.115107,-0.118756,-0.123385,-0.128996,-0.135587,-0.14316,0
0.0734874,0.0722018,0.0699352,0.0666876,0.0624589,0.0572493,0.0510587,0.0438871,0.0357345,0.0266009,0.0164863,0.00539075,-0.00668585,-0.0197435,-0.0337821,-0.0461942,-0.0449263,-0.0446836,-0.0454219,-0.0471411,-0.0498414,-0.0535227,-0.058185,-0.0638282,-0.0704525,-0.0780578,-0.086644,-0.0962113,-0.102643,-0.106797,-0.111933,-0.118049,-0.125146,-0.131844,-0.137896,-0.144516,1
0.0734874,0.0722018,0.0699352,0.0666876,0.0624589,0.0572493,0.0510587,0.0438871,0.0357345,0.0266009,0.0164863,0.00539075,-0.00668585,-0.0197435,-0.0337821,-0.0462,-0.0438119,-0.0424322,-0.0420335,-0.0426157,-0.044179,-0.0467233,-0.0502486,-0.0547549,-0.0602422,-0.0667104,-0.0741597,-0.08259,-0.0920013,-0.102394,-0.113767,-0.122125,-0.125668,-0.130192,-0.135696,-0.142182,0
0.0848464,0.0838571,0.0818867,0.0789354,0.075003,0.0700897,0.0641954,0.05732,0.0494637,0.0406264,0.030808,0.0200087,0.00822834,-0.004533,-0.0182753,-0.0329987,-0.0446384,-0.0434132,-0.0431695,-0.0439067,-0.0456249,-0.0483242,-0.0520044,-0.0566656,-0.0623078,-0.0689311,-0.0765353,-0.0851205,-0.0946867,-0.104277,-0.108101,-0.112944,-0.118768,-0.125574,-0.13336,-0.13953,1
0.0848464,0.0838571,0.0818867,0.0789354,0.075003,0.0700897,0.0641954,0.05732,0.0494637,0.0406264,0.030808,0.0200087,0.00822834,-0.004533,-0.0182753,-0.0329987,-0.0445734,-0.0421651,-0.0407379,-0.0402917,-0.0408264,-0.0423422,-0.044839,-0.0483168,-0.0527755,-0.0582153,-0.0646361,-0.0720378,-0.0804206,-0.0897844,-0.100129,-0.111455,-0.123762,-0.128371,-0.132457,-0.137525,0
0.0840116,0.0826053,0.080218,0.0768498,0.0725005,0.0671702,0.060859,0.0535667,0.0452935,0.0360392,0.0258039,0.0145877,0.0023904,-0.0107879,-0.0249471,-0.0400874,-0.0454132,-0.0433304,-0.0422286,-0.0421078,-0.042968,-0.0448092,-0.0476314,-0.0514346,-0.0562188,-0.061984,-0.0687302,-0.0764574,-0.0851656,-0.0948548,-0.105525,-0.117176,-0.128561,-0.131922,-0.136289,-0.141638,0
0.0840116,0.0826053,0.080218,0.0768498,0.0725005,0.0671702,0.060859,0.0535667,0.0452935,0.0360392,0.0258039,0.0145877,0.0023904,-0.0107879,-0.0249471,-0.0400874,-0.0458904,-0.0449969,-0.0450844,-0.0461529,-0.0482024,-0.0512329,-0.0552444,-0.0602369,-0.0662104,-0.0731649,-0.0811005,-0.090017,-0.0999145,-0.107606,-0.111761,-0.116896,-0.123013,-0.13011,-0.137922,-0.143842,1
0.0817393,0.0808412,0.0789621,0.076102,0.0722609,0.0674388,0.0616357,0.0548516,0.0470865,0.0383404,0.0286133,0.0179052,0.00621606,-0.00645405,-0.0201052,-0.0347373,-0.0445103,-0.0422277,-0.0409262,-0.0406056,-0.0412661,-0.0429076,-0.04553,-0.0491335,-0.0537179,-0.0592834,-0.0658298,-0.0733573,-0.0818657,-0.0913552,-0.101826,-0.113277,-0.124379,-0.127703,-0.132033,-0.137345,0
0.0817393,0.0808412,0.0789621,0.076102,0.0722609,0.0674388,0.0616357,0.0548516,0.0470865,0.0383404,0.0286133,0.0179052,0.00621606,-0.00645405,-0.0201052,-0.0347373,-0.0446827,-0.0435699,-0.0434382,-0.0442874,-0.0461176,-0.0489289,-0.0527211,-0.0574943,-0.0632486,-0.0699838,-0.0777,-0.0863973,-0.0960755,-0.103918,-0.10798,-0.113023,-0.119046,-0.126051,-0.133641,-0.139505,1
0.0634258,0.0627573,0.0611077,0.0584772,0.0548656,0.0502731,0.0446995,0.038145,0.0306094,0.0220929,0.0125953,0.00211678,-0.00934277,-0.0217833,-0.0352049,-0.0466185,-0.0454771,-0.045338,-0.0461799,-0.0480028,-0.0508067,-0.0545916,-0.0593575,-0.0651044,-0.0718323,-0.0795412,-0.0882311,-0.0971272,-0.100676,-0.10524,-0.110785,-0.117311,-0.124191,-0.129778,-0.136155,-0.142348,1
0.0634258,0.0627573,0.0611077,0.0584772,0.0548656,0.0502731,0.0446995,0.038145,0.0306094,0.0220929,0.0125953,0.00211678,-0.00934277,-0.0217833,-0.0352049,-0.0466015,-0.0443817,-0.0431549,-0.0429091,-0.0436443,-0.0453605,-0.0480577,-0.0517359,-0.0563951,-0.0620353,-0.0686565,-0.0762587,-0.0848419,-0.0944061,-0.104951,-0.115573,-0.118684,-0.122791,-0.12788,-0.133949,-0.141,0
0.0864767,0.0857228,0.0839879,0.081272,0.0775751,0.0728972,0.0672383,0.0605984,0.0529775,0.0443756,0.0347927,0.0242288,0.0126839,0.000158037,-0.0133489,-0.0278368,-0.0433057,-0.0432804,-0.0427261,-0.0431527,-0.0445604,-0.0469491,-0.0503188,-0.0546695,-0.0600012,-0.0663139,-0.0736076,-0.0818823,-0.091138,-0.101375,-0.106689,-0.11119,-0.116673,-0.123137,-0.130581,-0.137604,1
0.0864767,0.0857228,0.0839879,0.081272,0.0775751,0.0728972,0.0672383,0.0605984,0.0529775,0.0443756,0.0347927,0.0242288,0.0126839,0.000158037,-0.0133489,-0.0278368,-0.0433057,-0.0423965,-0.0406539,-0.0398923,-0.0401117,-0.0413122,-0.0434936,-0.046656,-0.0507994,-0.0559239,-0.0620293,-0.0691157,-0.0771831,-0.0862315,-0.096261,-0.107271,-0.119263,-0.127371,-0.1311,-0.135809,0
0.0746231,0.0736122,0.0716203,0.0686473,0.0646934,0.0597585,0.0538426,0.0469457,0.0390677,0.0302088,0.0203689,0.00954797,-0.00225395,-0.0150369,-0.0288008,-0.0435457,-0.0452892,-0.0435142,-0.0427202,-0.0429072,-0.0440752,-0.0462241,-0.0493541,-0.0534651,-0.0585571,-0.06463,-0.071684,-0.079719,-0.088735,-0.0987319,-0.10971,-0.121661,-0.125519,-0.129586,-0.134633,-0.140662,0
0.0746231,0.0736122,0.0716203,0.0686473,0.0646934,0.0597585,0.0538426,0.0469457,0.0390677,0.0302088,0.0203689,0.00954797,-0.00225395,-0.0150369,-0.0288008,-0.0435457,-0.0459681,-0.0453364,-0.0456857,-0.0470161,-0.0493274,-0.0526197,-0.056893,-0.0621473,-0.0683826,-0.0755989,-0.0837963,-0.0929746,-0.102478,-0.106168,-0.110867,-0.116547,-0.123208,-0.130816,-0.136569,-0.143146,1
0.0894761,0.0888752,0.0872933,0.0847305,0.0811866,0.0766618,0.0711559,0.064669,0.0572012,0.0487523,0.0393224,0.0289116,0.0175197,0.00514686,-0.008207,-0.0225419,-0.0378577,-0.0458232,-0.0447764,-0.0447106,-0.0456257,-0.0475219,-0.0503991,-0.0542573,-0.0590965,-0.0649167,-0.0717179,-0.0795001,-0.0882632,-0.0980074,-0.10833,-0.112213,-0.117053,-0.122875,-0.129677,-0.13746,1
0.0894761,0.0888752,0.0872933,0.0847305,0.0811866,0.0766618,0.0711559,0.064669,0.0572012,0.0487523,0.0393224,0.0289116,0.0175197,0.00514686,-0.008207,-0.0225419,-0.0378577,-0.0454809,-0.0432263,-0.0419527,-0.0416602,-0.0423486,-0.044018,-0.0466684,-0.0502998,-0.0549122,-0.0605057,-0.0670801,-0.0746355,-0.0831719,-0.0926893,-0.103188,-0.114667,-0.127128,-0.133183,-0.137193,0
0.0720726,0.0715149,0.0699762,0.0674565,0.0639558,0.0594741,0.0540114,0.0475677,0.040143,0.0317373,0.0223506,0.0119829,0.000634234,-0.0116955,-0.0250062,-0.0392979,-0.0425061,-0.0407112,-0.0398972,-0.0400643,-0.0412123,-0.0433414,-0.0464514,-0.0505425,-0.0556145,-0.0616676,-0.0687016,-0.0767167,-0.0857127,-0.0956898,-0.106648,-0.116671,-0.119956,-0.12423,-0.129486,-0.135722,0
0.0720726,0.0715149,0.0699762,0.0674565,0.0639558,0.0594741,0.0540114,0.0475677,0.040143,0.0317373,0.0223506,0.0119829,0.000634234,-0.0116955,-0.0250062,-0.0392979,-0.0430701,-0.0423921,-0.0426951,-0.0439792,-0.0462442,-0.0494903,-0.0537173,-0.0589253,-0.0651144,-0.0722844,-0.0804355,-0.0895675,-0.0975419,-0.101382,-0.106204,-0.112006,-0.118789,-0.125738,-0.131517,-0.138066,1
0.0618209,0.0603675,0.0579332,0.0545178,0.0501215,0.0447441,0.0383858,0.0310464,0.0227261,0.0134247,0.00314235,-0.008121,-0.0203653,-0.0335907,-0.0467759,-0.0445027,-0.0431781,-0.0428346,-0.043472,-0.0450905,-0.04769,-0.0512704,-0.0558319,-0.0613743,-0.0678978,-0.0754022,-0.0838877,-0.0933541,-0.103802,-0.114619,-0.117716,-0.121775,-0.126815,-0.132836,-0.139838,-0.147821,0
0.0618209,0.0603675,0.0579332,0.0545178,0.0501215,0.0447441,0.0383858,0.0310464,0.0227261,0.0134247,0.00314235,-0.008121,-0.0203653,-0.0335907,-0.0467248,-0.0454671,-0.0452238,-0.0459615,-0.0476802,-0.0503799,-0.0540606,-0.0587223,-0.0643651,-0.0709888,-0.0785935,-0.0871792,-0.0963053,-0.0998232,-0.104319,-0.109796,-0.116254,-0.123144,-0.128677,-0.13502,-0.141175,-0.147533,1
0.0840215,0.083296,0.0815896,0.0789021,0.0752337,0.0705842,0.0649538,0.0583423,0.0507499,0.0421764,0.032622,0.0220865,0.0105701,-0.00192738,-0.0154058,-0.0298653,-0.045044,-0.0429359,-0.0412903,-0.0406258,-0.0409422,-0.0422397,-0.0445182,-0.0477776,-0.0520181,-0.0572395,-0.063442,-0.0706254,-0.0787899,-0.0879354,-0.0980618,-0.109169,-0.121258,-0.127628,-0.131517,-0.136388,0
0.0840215,0.083296,0.0815896,0.0789021,0.0752337,0.0705842,0.0649538,0.0583423,0.0507499,0.0421764,0.032622,0.0220865,0.0105701,-0.00192738,-0.0154058,-0.0298653,-0.0450094,-0.0439096,-0.0434445,-0.0439604,-0.0454574,-0.0479353,-0.0513943,-0.0558342,-0.0612551,-0.0676571,-0.07504,-0.083404,-0.0927489,-0.103068,-0.107279,-0.111916,-0.117533,-0.124131,-0.131711,-0.138282,1
0.0660005,0.0647619,0.0625424,0.0593419,0.0551604,0.0499979,0.0438544,0.0367299,0.0286244,0.0195378,0.00947033,-0.00157819,-0.0136077,-0.0266182,-0.0406097,-0.0455441,-0.0448167,-0.0450704,-0.0463051,-0.0485207,-0.0517174,-0.055895,-0.0610537,-0.0671934,-0.074314,-0.0824157,-0.0914984,-0.0986933,-0.102592,-0.107472,-0.113333,-0.120175,-0.126659,-0.132545,-0.138933,-0.145274,1
0.0660005,0.0647619,0.0625424,0.0593419,0.0551604,0.0499979,0.0438544,0.0367299,0.0286244,0.0195378,0.00947033,-0.00157819,-0.0136077,-0.0266182,-0.0406097,-0.0450746,-0.0432475,-0.0424015,-0.0425364,-0.0436524,-0.0457493,-0.0488272,-0.0528862,-0.0579261,-0.0639471,-0.070949,-0.0789319,-0.0878959,-0.0978408,-0.108767,-0.117331,-0.120734,-0.125119,-0.130485,-0.136832,-0.14416,0
0.062196,0.0612714,0.0593659,0.0564793,0.0526117,0.0477631,0.0419335,0.0351229,0.0273313,0.0185587,0.00880511,-0.00192948,-0.0136451,-0.0263417,-0.0400193,-0.0456023,-0.0448599,-0.0450986,-0.0463183,-0.048519,-0.0517007,-0.0558633,-0.061007,-0.0671317,-0.0742374,-0.0823241,-0.0913917,-0.0973989,-0.101413,-0.106408,-0.112384,-0.119341,-0.125214,-0.131265,-0.137444,-0.143738,1
0.062196,0.0612714,0.0593659,0.0564793,0.0526117,0.0477631,0.0419335,0.0351229,0.0273313,0.0185587,0.00880511,-0.00192948,-0.0136451,-0.0263417,-0.0400193,-0.045194,-0.0433725,-0.0425321,-0.0426727,-0.0437943,-0.0458969,-0.0489805,-0.0530451,-0.0580907,-0.0641173,-0.0711249,-0.0791135,-0.0880831,-0.0980337,-0.108965,-0.115467,-0.119048,-0.123611,-0.129154,-0.135678,-0.143183,0
0.0809716,0.0797929,0.0776332,0.0744926,0.0703709,0.0652682,0.0591846,0.0521199,0.0440742,0.0350475,0.0250399,0.0140512,0.00208153,-0.0108691,-0.0248008,-0.0397135,-0.0477277,-0.0467178,-0.046689,-0.0476411,-0.0495742,-0.0524883,-0.0563834,-0.0612595,-0.0671166,-0.0739548,-0.0817739,-0.090574,-0.100355,-0.108325,-0.112414,-0.117483,-0.123533,-0.130564,-0.138336,-0.144218,1
0.0809716,0.0797929,0.0776332,0.0744926,0.0703709,0.0652682,0.0591846,0.0521199,0.0440742,0.0350475,0.0250399,0.0140512,0.00208153,-0.0108691,-0.0248008,-0.0397135,-0.0474108,-0.0452189,-0.044008,-0.0437781,-0.0445292,-0.0462612,-0.0489743,-0.0526684,-0.0573435,-0.0629996,-0.0696367,-0.0772548,-0.0858539,-0.095434,-0.105995,-0.117537,-0.129129,-0.132452,-0.136771,-0.142072,0
0.0713289,0.0703131,0.0683163,0.0653385,0.0613796,0.0564398,0.050519,0.0436172,0.0357343,0.0268705,0.0170257,0.00619985,-0.00560697,-0.0183948,-0.0321636,-0.0469135,-0.0465241,-0.0448877,-0.0442323,-0.0445579,-0.0458646,-0.0481522,-0.0514208,-0.0556704,-0.060901,-0.0671126,-0.0743052,-0.0824788,-0.0916334,-0.101769,-0.112886,-0.123475,-0.126747,-0.131022,-0.136277,-0.142514,0
0.0713289,0.0703131,0.0683163,0.0653385,0.0613796,0.0564398,0.050519,0.0436172,0.0357343,0.0268705,0.0170257,0.00619985,-0.00560697,-0.0183948,-0.0321636,-0.0469135,-0.0473367,-0.0468358,-0.047316,-0.0487771,-0.0512193,-0.0546425,-0.0590466,-0.0644318,-0.0707979,-0.0781451,-0.0864732,-0.0957824,-0.103836,-0.107736,-0.112618,-0.11848,-0.125324,-0.132551,-0.138334,-0.145007,1
0.0619493,0.0609433,0.0589563,0.0559882,0.0520392,0.0471092,0.0411982,0.0343062,0.0264332,0.0175792,0.00774414,-0.00307188,-0.0148689,-0.0276469,-0.0414059,-0.0434677,-0.0418491,-0.0412114,-0.0415547,-0.042879,-0.0451844,-0.0484707,-0.052738,-0.0579863,-0.0642157,-0.071426,-0.0796173,-0.0887896,-0.098943,-0.110077,-0.114118,-0.117967,-0.122798,-0.128609,-0.135402,-0.143175,0
0.0619493,0.0609433,0.0589563,0.0559882,0.0520392,0.0471092,0.0411982,0.0343062,0.0264332,0.0175792,0.00774414,-0.00307188,-0.0148689,-0.0276469,-0.0414059,-0.0440744,-0.0435271,-0.0439608,-0.0453756,-0.0477713,-0.051148,-0.0555058,-0.0608445,-0.0671642,-0.0744649,-0.0827467,-0.0920094,-0.0963593,-0.100617,-0.105855,-0.112075,-0.119157,-0.124541,-0.130807,-0.13687,-0.143152,1
0.0598238,0.0585333,0.0562618,0.0530093,0.0487758,0.0435613,0.0373658,0.0301893,0.0220318,0.0128933,0.00277378,-0.00832672,-0.0204082,-0.0334707,-0.0465089,-0.0442678,-0.0429741,-0.0426615,-0.0433298,-0.0449791,-0.0476095,-0.0512208,-0.0558132,-0.0613865,-0.0679408,-0.0754762,-0.0839925,-0.0934898,-0.103968,-0.113292,-0.116504,-0.1207,-0.125876,-0.132033,-0.139172,-0.147291,0
0.0598238,0.0585333,0.0562618,0.0530093,0.0487758,0.0435613,0.0373658,0.0301893,0.0220318,0.0128933,0.00277378,-0.00832672,-0.0204082,-0.0334707,-0.0464582,-0.0452202,-0.0449953,-0.0457514,-0.0474885,-0.0502066,-0.0539057,-0.0585858,-0.0642469,-0.070889,-0.0785121,-0.0871162,-0.095352,-0.0989447,-0.103539,-0.109114,-0.115671,-0.122117,-0.127792,-0.134011,-0.14018,-0.146514,1
0.0896478,0.0887585,0.0868883,0.084037,0.0802047,0.0753914,0.0695971,0.0628219,0.0550656,0.0463283,0.03661,0.0259108,0.0142305,0.00156921,-0.0120731,-0.0266963,-0.0423006,-0.0469367,-0.044815,-0.0436743,-0.0435146,-0.0443358,-0.0461381,-0.0489214,-0.0526857,-0.057431,-0.0631573,-0.0698645,-0.0775528,-0.0862221,-0.0958724,-0.106504,-0.118116,-0.130709,-0.136563,-0.14062,0
0.0896478,0.0887585,0.0868883,0.084037,0.0802047,0.0753914,0.0695971,0.0628219,0.0550656,0.0463283,0.03661,0.0259108,0.0142305,0.00156921,-0.0120731,-0.0266963,-0.0423006,-0.0474825,-0.0465839,-0.0466662,-0.0477295,-0.0497739,-0.0527992,-0.0568055,-0.0617929,-0.0677612,-0.0747105,-0.0826409,-0.0915522,-0.101445,-0.111436,-0.11535,-0.120284,-0.126198,-0.133094,-0.14097,1
0.0886439,0.0878223,0.0860197,0.0832361,0.0794715,0.0747259,0.0689994,0.0622918,0.0546032,0.0459336,0.036283,0.0256514,0.0140388,0.00144525,-0.0121293,-0.0266849,-0.0422215,-0.0473645,-0.0464736,-0.0465637,-0.0476348,-0.0496869,-0.05272,-0.0567341,-0.0617292,-0.0677053,-0.0746624,-0.0826005,-0.0915197,-0.10142,-0.111009,-0.114964,-0.119932,-0.125881,-0.13281,-0.140721,1
0.0886439,0.0878223,0.0860197,0.0832361,0.0794715,0.0747259,0.0689994,0.0622918,0.0546032,0.0459336,0.036283,0.0256514,0.0140388,0.00144525,-0.0121293,-0.0266849,-0.0422215,-0.0468222,-0.0447192,-0.0435972,-0.0434561,-0.0442961,-0.0461171,-0.0489191,-0.052702,-0.057466,-0.063211,-0.069937,-0.0776439,-0.0863319,-0.0960009,-0.106651,-0.118282,-0.130894,-0.135952,-0.140078,0
0.0850716,0.0842147,0.0823768,0.0795579,0.075758,0.0709771,0.0652152,0.0584723,0.0507484,0.0420435,0.0323576,0.0216907,0.0100428,-0.00258611,-0.016196,-0.0307869,-0.0463465,-0.0459792,-0.0454296,-0.0458611,-0.0472735,-0.049667,-0.0530414,-0.0573969,-0.0627334,-0.0690508,-0.0763493,-0.0846287,-0.0938892,-0.104131,-0.109868,-0.114329,-0.11977,-0.126193,-0.133597,-0.140861,1
0.0850716,0.0842147,0.0823768,0.0795579,0.075758,0.0709771,0.0652152,0.0584723,0.0507484,0.0420435,0.0323576,0.0216907,0.0100428,-0.00258611,-0.016196,-0.0307869,-0.046349,-0.0450677,-0.0433262,-0.0425657,-0.0427861,-0.0439876,-0.0461701,-0.0493335,-0.053478,-0.0586035,-0.0647099,-0.0717974,-0.0798659,-0.0889153,-0.0989458,-0.109957,-0.12195,-0.130695,-0.134375,-0.139035,0
0.060884,0.0596278,0.0573907,0.0541725,0.0499733,0.0447932,0.038632,0.0314898,0.0233666,0.0142625,0.0041773,-0.00688887,-0.018936,-0.0319642,-0.0459734,-0.0471181,-0.0466519,-0.0471668,-0.0486626,-0.0511395,-0.0545973,-0.0590362,-0.064456,-0.0708569,-0.0782387,-0.0866016,-0.0959454,-0.100499,-0.104761,-0.110004,-0.116228,-0.123412,-0.128902,-0.135183,-0.141315,-0.14765,1
0.060884,0.0596278,0.0573907,0.0541725,0.0499733,0.0447932,0.038632,0.0314898,0.0233666,0.0142625,0.0041773,-0.00688887,-0.018936,-0.0319642,-0.0459734,-0.0463958,-0.0448467,-0.0442786,-0.0446915,-0.0460853,-0.0484602,-0.0518161,-0.0561529,-0.0614708,-0.0677697,-0.0750496,-0.0833104,-0.0925523,-0.102775,-0.113979,-0.11854,-0.122359,-0.127159,-0.13294,-0.139701,-0.147444,0
0.0625186,0.0618236,0.0601476,0.0574905,0.0538525,0.0492334,0.0436334,0.0370524,0.0294903,0.0209473,0.0114232,0.000918205,-0.0105678,-0.0230349,-0.0364829,-0.0483245,-0.0460565,-0.0447942,-0.0445129,-0.0452126,-0.0468933,-0.049555,-0.0531977,-0.0578214,-0.0634261,-0.0700118,-0.0775784,-0.0861261,-0.0956548,-0.106165,-0.117378,-0.120584,-0.124616,-0.129629,-0.135622,-0.142597,0
0.0625186,0.0618236,0.0601476,0.0574905,0.0538525,0.0492334,0.0436334,0.0370524,0.0294903,0.0209473,0.0114232,0.000918205,-0.0105678,-0.0230349,-0.0364829,-0.0483219,-0.0471297,-0.0469583,-0.0477679,-0.0495585,-0.05233,-0.0560826,-0.0608162,-0.0665308,-0.0732264,-0.080903,-0.0895606,-0.0988786,-0.102441,-0.106943,-0.112425,-0.118889,-0.125975,-0.13149,-0.137896,-0.144077,1
0.0599368,0.059025,0.0571322,0.0542583,0.0504035,0.0455676,0.0397508,0.032953,0.0251741,0.0164143,0.00667345,-0.00404839,-0.0157512,-0.0284351,-0.0420999,-0.0477525,-0.0470034,-0.0472352,-0.048448,-0.0506419,-0.0538167,-0.0579725,-0.0631094,-0.0692272,-0.076326,-0.0844059,-0.0934667,-0.0995235,-0.103528,-0.108513,-0.114479,-0.121427,-0.127317,-0.133358,-0.139539,-0.145832,1
0.0599368,0.059025,0.0571322,0.0542583,0.0504035,0.0455676,0.0397508,0.032953,0.0251741,0.0164143,0.00667345,-0.00404839,-0.0157512,-0.0284351,-0.0420999,-0.0473498,-0.0455229,-0.0446769,-0.044812,-0.0459281,-0.0480251,-0.0511032,-0.0551622,-0.0602023,-0.0662234,-0.0732254,-0.0812085,-0.0901725,-0.100118,-0.111044,-0.117587,-0.121162,-0.125718,-0.131254,-0.137772,-0.145271,0
0.0821862,0.0816569,0.0801467,0.0776554,0.0741832,0.0697299,0.0642957,0.0578804,0.0504842,0.0421069,0.0327487,0.0224094,0.0110892,-0.00121208,-0.0144943,-0.0287576,-0.0440018,-0.0440719,-0.0423048,-0.0415186,-0.0417135,-0.0428893,-0.0450462,-0.048184,-0.0523029,-0.0574027,-0.0634836,-0.0705454,-0.0785883,-0.0876121,-0.097617,-0.108603,-0.12057,-0.127564,-0.131373,-0.136163,0
0.0821862,0.0816569,0.0801467,0.0776554,0.0741832,0.0697299,0.0642957,0.0578804,0.0504842,0.0421069,0.0327487,0.0224094,0.0110892,-0.00121208,-0.0144943,-0.0287576,-0.0440018,-0.044882,-0.0442893,-0.0446777,-0.046047,-0.0483974,-0.0517287,-0.056041,-0.0613344,-0.0676087,-0.0748641,-0.0831004,-0.0923178,-0.102516,-0.107289,-0.111826,-0.117343,-0.123841,-0.13132,-0.138019,1
0.0867469,0.0855055,0.083283,0.0800795,0.0758951,0.0707296,0.0645832,0.0574557,0.0493473,0.0402578,0.0301874,0.0191359,0.00710345,-0.00591001,-0.0199045,-0.0348799,-0.0448145,-0.042475,-0.0411166,-0.0407391,-0.0413427,-0.0429273,-0.0454928,-0.0490394,-0.0535669,-0.0590755,-0.065565,-0.0730356,-0.0814872,-0.0909197,-0.101333,-0.112728,-0.125103,-0.130258,-0.134319,-0.13936,0
0.0867469,0.0855055,0.083283,0.0800795,0.0758951,0.0707296,0.0645832,0.0574557,0.0493473,0.0402578,0.0301874,0.0191359,0.00710345,-0.00591001,-0.0199045,-0.0348799,-0.0449949,-0.0438508,-0.0436877,-0.0445057,-0.0463046,-0.0490845,-0.0528454,-0.0575873,-0.0633102,-0.0700141,-0.0776991,-0.086365,-0.0960119,-0.105852,-0.109687,-0.114539,-0.120371,-0.127185,-0.13498,-0.141368,1
0.0654022,0.0639567,0.0615302,0.0581227,0.0537342,0.0483647,0.0420142,0.0346827,0.0263702,0.0170767,0.0068022,-0.0044533,-0.0166898,-0.0299073,-0.0441055,-0.0432519,-0.0417533,-0.0412357,-0.0416991,-0.0431435,-0.0455689,-0.0489753,-0.0533627,-0.0587311,-0.0650805,-0.0724109,-0.0807223,-0.0900147,-0.100288,-0.111542,-0.116537,-0.120331,-0.125105,-0.130861,-0.137597,-0.145315,0
0.0654022,0.0639567,0.0615302,0.0581227,0.0537342,0.0483647,0.0420142,0.0346827,0.0263702,0.0170767,0.0068022,-0.0044533,-0.0166898,-0.0299073,-0.0441054,-0.0440634,-0.0436561,-0.0442297,-0.0457844,-0.0483201,-0.0518367,-0.0563344,-0.0618131,-0.0682727,-0.0757134,-0.0841351,-0.0935377,-0.0982709,-0.102535,-0.107781,-0.114008,-0.121215,-0.126839,-0.133109,-0.139308,-0.145686,1
0.0854441,0.0842556,0.0820861,0.0789356,0.0748042,0.0696917,0.0635982,0.0565237,0.0484682,0.0394318,0.0294143,0.0184158,0.00643631,-0.00652417,-0.0204657,-0.0353881,-0.0484478,-0.0470846,-0.0467432,-0.0473827,-0.0490033,-0.0516048,-0.0551874,-0.059751,-0.0652955,-0.0718211,-0.0793277,-0.0878152,-0.0972838,-0.107733,-0.112571,-0.117191,-0.122792,-0.129374,-0.136938,-0.144017,1
0.0854441,0.0842556,0.0820861,0.0789356,0.0748042,0.0696917,0.0635982,0.0565237,0.0484682,0.0394318,0.0294143,0.0184158,0.00643631,-0.00652417,-0.0204657,-0.0353881,-0.0484482,-0.0458969,-0.0443517,-0.0437875,-0.0442043,-0.0456022,-0.047981,-0.0513408,-0.0556816,-0.0610034,-0.0673063,-0.0745901,-0.0828549,-0.0921007,-0.102328,-0.113535,-0.125724,-0.133572,-0.137371,-0.142152,0
0.082693,0.0821441,0.0806142,0.0781034,0.0746115,0.0701386,0.0646847,0.0582499,0.050834,0.0424371,0.0330593,0.0227004,0.0113605,-0.000960341,-0.0142622,-0.0285451,-0.0435344,-0.0424748,-0.0420301,-0.0425664,-0.0440838,-0.0465821,-0.0500614,-0.0545217,-0.0599631,-0.0663854,-0.0737887,-0.0821731,-0.0915384,-0.101348,-0.105098,-0.109841,-0.115565,-0.122269,-0.129955,-0.13602,1
0.082693,0.0821441,0.0806142,0.0781034,0.0746115,0.0701386,0.0646847,0.0582499,0.050834,0.0424371,0.0330593,0.0227004,0.0113605,-0.000960341,-0.0142622,-0.0285451,-0.0435673,-0.0415147,-0.0399021,-0.0392705,-0.0396198,-0.0409502,-0.0432616,-0.0465539,-0.0508273,-0.0560817,-0.062317,-0.0695334,-0.0777308,-0.0869091,-0.0970685,-0.108209,-0.12033,-0.124997,-0.129033,-0.13405,0
0.0840128,0.0828067,0.0806196,0.0774514,0.0733023,0.0681721,0.062061,0.0549689,0.0468957,0.0378416,0.0278064,0.0167903,0.00479316,-0.00818498,-0.0221441,-0.0370843,-0.0447257,-0.043737,-0.0437293,-0.0447026,-0.0466569,-0.0495923,-0.0535086,-0.0584059,-0.0642842,-0.0711435,-0.0789839,-0.0878052,-0.0976075,-0.105437,-0.109546,-0.114637,-0.120709,-0.127762,-0.135505,-0.141397,1
0.0840128,0.0828067,0.0806196,0.0774514,0.0733023,0.0681721,0.062061,0.0549689,0.0468957,0.0378416,0.0278064,0.0167903,0.00479316,-0.00818498,-0.0221441,-0.0370843,-0.0443825,-0.0422121,-0.0410227,-0.0408143,-0.041587,-0.0433406,-0.0460752,-0.0497908,-0.0544874,-0.0601651,-0.0668237,-0.0744633,-0.0830839,-0.0926855,-0.103268,-0.114832,-0.12622,-0.129556,-0.133899,-0.139222,0
0.0691303,0.0684157,0.06672,0.0640433,0.0603857,0.055747,0.0501274,0.0435267,0.0359451,0.0273824,0.0178387,0.00731408,-0.00419158,-0.0166782,-0.0301459,-0.0445946,-0.0468936,-0.045128,-0.0443433,-0.0445397,-0.045717,-0.0478754,-0.0510148,-0.0551351,-0.0602365,-0.0663188,-0.0733822,-0.0814265,-0.0904519,-0.100458,-0.111446,-0.122074,-0.125302,-0.129535,-0.134748,-0.140943,0
0.0691303,0.0684157,0.06672,0.0640433,0.0603857,0.055747,0.0501274,0.0435267,0.0359451,0.0273824,0.0178387,0.00731408,-0.00419158,-0.0166782,-0.0301459,-0.0445946,-0.0475229,-0.0468826,-0.0472233,-0.048545,-0.0508477,-0.0541314,-0.0583961,-0.0636418,-0.0698685,-0.0770762,-0.0852649,-0.0944346,-0.102705,-0.106529,-0.111337,-0.117126,-0.123896,-0.131044,-0.136783,-0.143389,1
0.0707589,0.0697598,0.0677796,0.0648185,0.0608763,0.0559532,0.050049,0.0431639,0.0352977,0.0264506,0.0166224,0.00581328,-0.00597686,-0.018748,-0.0325002,-0.0471384,-0.0464226,-0.0460105,-0.0465795,-0.0481295,-0.0506604,-0.0541724,-0.0586654,-0.0641394,-0.0705943,-0.0780303,-0.0864473,-0.0958453,-0.102861,-0.106897,-0.111913,-0.11791,-0.124888,-0.131674,-0.137624,-0.144217,1
0.0707589,0.0697598,0.0677796,0.0648185,0.0608763,0.0559532,0.050049,0.0431639,0.0352977,0.0264506,0.0166224,0.00581328,-0.00597686,-0.018748,-0.0325002,-0.0471535,-0.0455289,-0.0439884,-0.0434289,-0.0438504,-0.0452529,-0.0476364,-0.051001,-0.0553465,-0.060673,-0.0669805,-0.074269,-0.0825385,-0.091789,-0.102021,-0.113233,-0.122201,-0.12565,-0.13008,-0.135491,-0.141883,0
0.0705804,0.0695185,0.0674756,0.0644516,0.0604467,0.0554608,0.0494938,0.0425459,0.034617,0.025707,0.0158161,0.00494418,-0.00690875,-0.0197427,-0.0335576,-0.0478037,-0.0465909,-0.0462303,-0.0468507,-0.0484521,-0.0510346,-0.054598,-0.0591424,-0.0646678,-0.0711742,-0.0786616,-0.08713,-0.0965795,-0.103336,-0.107413,-0.112472,-0.118512,-0.125532,-0.132252,-0.138242,-0.144829,1
0.0705804,0.0695185,0.0674756,0.0644516,0.0604467,0.0554608,0.0494938,0.0425459,0.034617,0.025707,0.0158161,0.00494418,-0.00690875,-0.0197427,-0.0335576,-0.0478506,-0.0456303,-0.0441406,-0.0436318,-0.0441041,-0.0455574,-0.0479916,-0.0514069,-0.0558032,-0.0611804,-0.0675387,-0.074878,-0.0831983,-0.0924995,-0.102782,-0.114045,-0.122667,-0.126159,-0.130632,-0.136086,-0.14252,0
0.0761911,0.0750477,0.0729234,0.069818,0.0657317,0.0606643,0.054616,0.0475866,0.0395763,0.0305849,0.0206125,0.00965919,-0.00227516,-0.0151905,-0.0290869,-0.0439642,-0.0455085,-0.0437155,-0.0429034,-0.0430724,-0.0442223,-0.0463533,-0.0494653,-0.0535582,-0.0586322,-0.0646871,-0.0717231,-0.07974,-0.088738,-0.098717,-0.109677,-0.121618,-0.126631,-0.130593,-0.135537,-0.141462,0
0.0761911,0.0750477,0.0729234,0.069818,0.0657317,0.0606643,0.054616,0.0475866,0.0395763,0.0305849,0.0206125,0.00965919,-0.00227516,-0.0151905,-0.0290869,-0.0439642,-0.0462061,-0.0455644,-0.0459036,-0.0472239,-0.0495251,-0.0528073,-0.0570706,-0.0623148,-0.0685401,-0.0757463,-0.0839335,-0.0931018,-0.103144,-0.107003,-0.111622,-0.117223,-0.123804,-0.131366,-0.137454,-0.143923,1
0.0886259,0.0880868,0.0865668,0.0840657,0.0805837,0.0761206,0.0706765,0.0642515,0.0568454,0.0484584,0.0390903,0.0287412,0.0174112,0.00510012,-0.00819194,-0.022465,-0.0377191,-0.0452023,-0.0429674,-0.0417136,-0.0414407,-0.0421488,-0.043838,-0.0465081,-0.0501592,-0.0547913,-0.0604045,-0.0669986,-0.0745737,-0.0831299,-0.092667,-0.103185,-0.114684,-0.127164,-0.13251,-0.136581,0
0.0886259,0.0880868,0.0865668,0.0840657,0.0805837,0.0761206,0.0706765,0.0642515,0.0568454,0.0484584,0.0390903,0.0287412,0.0174112,0.00510012,-0.00819194,-0.022465,-0.0377191,-0.0455507,-0.0445217,-0.0444737,-0.0454067,-0.0473207,-0.0502157,-0.0540917,-0.0589487,-0.0647867,-0.0716057,-0.0794057,-0.0881867,-0.0979487,-0.107792,-0.111669,-0.116564,-0.122441,-0.129299,-0.137138,1
0.0880321,0.0874509,0.0858886,0.0833454,0.0798211,0.0753159,0.0698296,0.0633624,0.0559142,0.0474849,0.0380747,0.0276834,0.0163112,0.00395794,-0.0093763,-0.0236915,-0.0389878,-0.0425023,-0.0405047,-0.0394881,-0.0394525,-0.040398,-0.0423244,-0.0452318,-0.0491202,-0.0539896,-0.0598401,-0.0666715,-0.0744839,-0.0832773,-0.0930518,-0.103807,-0.115544,-0.126617,-0.130029,-0.134443,0
0.0880321,0.0874509,0.0858886,0.0833454,0.0798211,0.0753159,0.0698296,0.0633624,0.0559142,0.0474849,0.0380747,0.0276834,0.0163112,0.00395794,-0.0093763,-0.0236915,-0.0389878,-0.0430998,-0.0422934,-0.0424681,-0.0436237,-0.0457603,-0.0488779,-0.0529766,-0.0580562,-0.0641168,-0.0711585,-0.0791811,-0.0881847,-0.0981694,-0.10559,-0.109801,-0.114993,-0.121167,-0.128321,-0.13612,1
0.0850143,0.084331,0.0826667,0.0800215,0.0763952,0.0717879,0.0661997,0.0596304,0.0520801,0.0435489,0.0340366,0.0235433,0.0120691,-0.000386193,-0.0138225,-0.0282397,-0.043638,-0.0429596,-0.041212,-0.0404454,-0.0406599,-0.0418553,-0.0440317,-0.0471892,-0.0513276,-0.056447,-0.0625475,-0.0696289,-0.0776914,-0.0867348,-0.0967592,-0.107765,-0.119751,-0.127448,-0.131208,-0.135948,0
0.0850143,0.084331,0.0826667,0.0800215,0.0763952,0.0717879,0.0661997,0.0596304,0.0520801,0.0435489,0.0340366,0.0235433,0.0120691,-0.000386193,-0.0138225,-0.0282397,-0.043638,-0.043826,-0.0432635,-0.043682,-0.0450815,-0.047462,-0.0508235,-0.0551661,-0.0604896,-0.0667941,-0.0740796,-0.0823461,-0.0915936,-0.101822,-0.106931,-0.111447,-0.116945,-0.123423,-0.130883,-0.137791,1
0.0609176,0.0598243,0.0577499,0.0546946,0.0506583,0.045641,0.0396426,0.0326633,0.024703,0.0157617,0.00583934,-0.00506398,-0.0169483,-0.0298136,-0.04366,-0.0436104,-0.042125,-0.0416206,-0.0420972,-0.0435548,-0.0459935,-0.0494131,-0.0538137,-0.0591953,-0.0655579,-0.0729015,-0.0812261,-0.0905317,-0.100818,-0.111646,-0.114737,-0.118743,-0.12373,-0.129698,-0.136647,-0.144577,0
0.0609176,0.0598243,0.0577499,0.0546946,0.0506583,0.045641,0.0396426,0.0326633,0.024703,0.0157617,0.00583934,-0.00506398,-0.0169483,-0.0298136,-0.04366,-0.0443532,-0.0439362,-0.0445003,-0.0460453,-0.0485713,-0.0520783,-0.0565664,-0.0620354,-0.0684854,-0.0759164,-0.0843285,-0.0935544,-0.0971107,-0.101516,-0.106901,-0.113268,-0.12008,-0.125553,-0.131816,-0.13791,-0.144203,1
0.072113,0.0715681,0.0700421,0.0675352,0.0640472,0.0595783,0.0541284,0.0476974,0.0402855,0.0318925,0.0225186,0.0121636,0.000827677,-0.0114893,-0.0247872,-0.0390662,-0.0466205,-0.0445381,-0.0434367,-0.0433163,-0.0441768,-0.0460184,-0.048841,-0.0526446,-0.0574291,-0.0631947,-0.0699413,-0.0776688,-0.0863774,-0.096067,-0.106738,-0.118389,-0.123997,-0.127841,-0.132666,-0.138472,0
0.072113,0.0715681,0.0700421,0.0675352,0.0640472,0.0595783,0.0541284,0.0476974,0.0402855,0.0318925,0.0225186,0.0121636,0.000827677,-0.0114893,-0.0247872,-0.0390662,-0.0469125,-0.0459642,-0.0459968,-0.0470104,-0.049005,-0.0519807,-0.0559373,-0.0608749,-0.0667935,-0.0736932,-0.0815738,-0.0904354,-0.100278,-0.104758,-0.109204,-0.114631,-0.121038,-0.128427,-0.134477,-0.140825,1
0.0735749,0.0721392,0.0697226,0.0663249,0.0619462,0.0565865,0.0502458,0.0429241,0.0346214,0.0253377,0.015073,0.00382731,-0.00839938,-0.0216071,-0.0357958,-0.0465096,-0.044232,-0.0429354,-0.0426197,-0.0432851,-0.0449315,-0.0475589,-0.0511673,-0.0557566,-0.061327,-0.0678784,-0.0754108,-0.0839242,-0.0934185,-0.103894,-0.11535,-0.123435,-0.127022,-0.131591,-0.13714,-0.143671,0
0.0735749,0.0721392,0.0697226,0.0663249,0.0619462,0.0565865,0.0502458,0.0429241,0.0346214,0.0253377,0.015073,0.00382731,-0.00839938,-0.0216071,-0.0357958,-0.0465998,-0.0454637,-0.0453086,-0.0461345,-0.0479414,-0.0507293,-0.0544982,-0.0592481,-0.064979,-0.0716909,-0.0793838,-0.0880578,-0.0977127,-0.103876,-0.108086,-0.113278,-0.119451,-0.126605,-0.133277,-0.139373,-0.146013,1
0.0607976,0.0596847,0.0575907,0.0545158,0.0504598,0.0454229,0.0394049,0.032406,0.024426,0.0154651,0.00552316,-0.00539978,-0.0173037,-0.0301887,-0.0440523,-0.0439395,-0.0435775,-0.0441965,-0.0457965,-0.0483776,-0.0519396,-0.0564826,-0.0620066,-0.0685117,-0.0759977,-0.0844647,-0.0933588,-0.0968354,-0.101311,-0.106767,-0.113205,-0.119824,-0.125384,-0.131612,-0.13773,-0.144029,1
0.0607976,0.0596847,0.0575907,0.0545158,0.0504598,0.0454229,0.0394049,0.032406,0.024426,0.0154651,0.00552316,-0.00539978,-0.0173037,-0.0301887,-0.0440528,-0.0431418,-0.0417138,-0.0412667,-0.0418007,-0.0433156,-0.0458116,-0.0492885,-0.0537465,-0.0591854,-0.0656054,-0.0730063,-0.0813883,-0.0907512,-0.101095,-0.111295,-0.114375,-0.118459,-0.123523,-0.129569,-0.136596,-0.144603,0
0.0687628,0.0681815,0.0666193,0.064076,0.0605518,0.0560466,0.0505603,0.0440931,0.0366448,0.0282156,0.0188053,0.0084141,-0.00295814,-0.0153114,-0.0286456,-0.0429609,-0.0427218,-0.0411609,-0.040581,-0.0409822,-0.0423643,-0.0447274,-0.0480715,-0.0523966,-0.0577027,-0.0639898,-0.071258,-0.0795071,-0.0887372,-0.0989483,-0.11014,-0.116745,-0.120386,-0.125007,-0.13061,-0.137193,0
0.0687628,0.0681815,0.0666193,0.064076,0.0605518,0.0560466,0.0505603,0.0440931,0.0366448,0.0282156,0.0188053,0.0084141,-0.00295814,-0.0153114,-0.0286456,-0.0429609,-0.0435019,-0.0430446,-0.0435683,-0.045073,-0.0475587,-0.0510254,-0.0554731,-0.0609018,-0.0673115,-0.0747022,-0.0830739,-0.0924266,-0.0981408,-0.102287,-0.107415,-0.113523,-0.120613,-0.126678,-0.132802,-0.139138,1
0.061838,0.0609212,0.0590235,0.0561447,0.052285,0.0474443,0.0416225,0.0348198,0.027036,0.0182713,0.00852553,-0.00220121,-0.013909,-0.0265977,-0.0402674,-0.0446593,-0.0439955,-0.0443128,-0.0456111,-0.0478903,-0.0511506,-0.0553918,-0.0606141,-0.0668173,-0.0740016,-0.0821668,-0.0913131,-0.0965269,-0.100648,-0.10575,-0.111833,-0.118897,-0.124469,-0.130637,-0.136737,-0.143016,1
0.061838,0.0609212,0.0590235,0.0561447,0.052285,0.0474443,0.0416225,0.0348198,0.027036,0.0182713,0.00852553,-0.00220121,-0.013909,-0.0265977,-0.0402674,-0.0441721,-0.042435,-0.0416789,-0.0419038,-0.0431097,-0.0452966,-0.0484645,-0.0526134,-0.0577433,-0.0638542,-0.0709461,-0.079019,-0.0880729,-0.0981078,-0.109124,-0.114385,-0.118095,-0.122786,-0.128458,-0.135111,-0.142745,0
0.0703893,0.0691655,0.0669607,0.0637749,0.0596082,0.0544604,0.0483316,0.0412218,0.033131,0.0240592,0.0140064,0.00297257,-0.00904223,-0.022038,-0.0360148,-0.0450215,-0.0440199,-0.0439992,-0.0449596,-0.046901,-0.0498233,-0.0537267,-0.0586111,-0.0644764,-0.0713228,-0.0791501,-0.0879585,-0.0977025,-0.101554,-0.106049,-0.111524,-0.11798,-0.1254,-0.131053,-0.13749,-0.143821,1
0.0703893,0.0691655,0.0669607,0.0637749,0.0596082,0.0544604,0.0483316,0.0412218,0.033131,0.0240592,0.0140064,0.00297257,-0.00904223,-0.022038,-0.0360148,-0.0448237,-0.0427046,-0.0415666,-0.0414095,-0.0422334,-0.0440383,-0.0468242,-0.0505911,-0.055339,-0.0610679,-0.0677779,-0.0754688,-0.0841407,-0.0937936,-0.104428,-0.116042,-0.12032,-0.124267,-0.129195,-0.135103,-0.141993,0
0.0735653,0.0722502,0.0699542,0.0666772,0.0624191,0.0571801,0.0509601,0.0437591,0.035577,0.026414,0.01627,0.00514494,-0.0069611,-0.0200481,-0.0341162,-0.0459888,-0.0436486,-0.0423002,-0.0419327,-0.0425462,-0.0441408,-0.0467163,-0.0502728,-0.0548104,-0.0603289,-0.0668284,-0.074309,-0.0827705,-0.092213,-0.102637,-0.114041,-0.122101,-0.125678,-0.130236,-0.135775,-0.142295,0
0.0735653,0.0722502,0.0699542,0.0666772,0.0624191,0.0571801,0.0509601,0.0437591,0.035577,0.026414,0.01627,0.00514494,-0.0069611,-0.0200481,-0.0341162,-0.0460096,-0.0447969,-0.0445846,-0.0453534,-0.0471031,-0.0498338,-0.0535456,-0.0582383,-0.063912,-0.0705668,-0.0782025,-0.0868193,-0.096417,-0.102638,-0.106825,-0.111992,-0.118141,-0.12527,-0.131899,-0.137983,-0.14459,1
0.0800905,0.0790845,0.0770975,0.0741295,0.0701805,0.0652505,0.0593395,0.0524474,0.0445744,0.0357204,0.0258854,0.0150694,0.00327236,-0.00950565,-0.0232647,-0.0380047,-0.0433475,-0.0425186,-0.0426708,-0.0438039,-0.045918,-0.0490131,-0.0530892,-0.0581463,-0.0641844,-0.0712036,-0.0792037,-0.0881848,-0.0981469,-0.103351,-0.107763,-0.113157,-0.119531,-0.126886,-0.133478,-0.139732,1
0.0800905,0.0790845,0.0770975,0.0741295,0.0701805,0.0652505,0.0593395,0.0524474,0.0445744,0.0357204,0.0258854,0.0150694,0.00327236,-0.00950565,-0.0232647,-0.0380047,-0.0428622,-0.0408748,-0.0398684,-0.039843,-0.0407986,-0.0427352,-0.0456528,-0.0495515,-0.0544311,-0.0602917,-0.0671333,-0.0749559,-0.0837595,-0.0935441,-0.10431,-0.116056,-0.123222,-0.126959,-0.131678,-0.137378,0
0.0822884,0.0813373,0.0794052,0.0764921,0.0725981,0.067723,0.0618669,0.0550298,0.0472117,0.0384127,0.0286326,0.0178715,0.00612941,-0.00659367,-0.0202977,-0.0349828,-0.0451235,-0.0428114,-0.0414803,-0.0411302,-0.041761,-0.0433729,-0.0459658,-0.0495397,-0.0540946,-0.0596305,-0.0661474,-0.0736453,-0.0821242,-0.0915841,-0.102025,-0.113447,-0.125329,-0.128658,-0.132915,-0.138153,0
0.0822884,0.0813373,0.0794052,0.0764921,0.0725981,0.067723,0.0618669,0.0550298,0.0472117,0.0384127,0.0286326,0.0178715,0.00612941,-0.00659367,-0.0202977,-0.0349828,-0.0452754,-0.0441339,-0.0439733,-0.0447938,-0.0465952,-0.0493777,-0.0531411,-0.0578856,-0.0636111,-0.0703175,-0.078005,-0.0866734,-0.0963229,-0.104763,-0.108756,-0.11373,-0.119685,-0.126622,-0.134419,-0.140268,1
0.0798162,0.0791565,0.0775157,0.074894,0.0712913,0.0667076,0.0611428,0.0545971,0.0470704,0.0385627,0.0290739,0.0186042,0.0071535,-0.00527822,-0.0186909,-0.0330847,-0.0460717,-0.0447318,-0.0444297,-0.0451087,-0.0467686,-0.0494096,-0.0530316,-0.0576345,-0.0632185,-0.0697834,-0.0773294,-0.0858564,-0.0953643,-0.104063,-0.107972,-0.112869,-0.118746,-0.125605,-0.133338,-0.139144,1
0.0798162,0.0791565,0.0775157,0.074894,0.0712913,0.0667076,0.0611428,0.0545971,0.0470704,0.0385627,0.0290739,0.0186042,0.0071535,-0.00527822,-0.0186909,-0.0330847,-0.0460896,-0.0436106,-0.0421478,-0.041666,-0.0421652,-0.0436454,-0.0461066,-0.0495489,-0.0539721,-0.0593763,-0.0657615,-0.0731277,-0.0814749,-0.0908031,-0.101112,-0.112403,-0.12433,-0.127687,-0.131895,-0.137085,0
0.062227,0.061578,0.0599481,0.0573372,0.0537453,0.0491723,0.0436184,0.0370835,0.0295675,0.0210706,0.0115927,0.00113373,-0.0103062,-0.0227271,-0.0361291,-0.0443857,-0.0423933,-0.041382,-0.0413516,-0.0423022,-0.0442338,-0.0471464,-0.05104,-0.0559146,-0.0617703,-0.0686069,-0.0764245,-0.0852231,-0.0950027,-0.105763,-0.113082,-0.116545,-0.120989,-0.126414,-0.13282,-0.140207,0
0.062227,0.061578,0.0599481,0.0573372,0.0537453,0.0491723,0.0436184,0.0370835,0.0295675,0.0210706,0.0115927,0.00113373,-0.0103062,-0.0227271,-0.0361291,-0.0445873,-0.043667,-0.0437277,-0.0447694,-0.0467921,-0.0497958,-0.0537805,-0.0587462,-0.0646929,-0.0716206,-0.0795293,-0.088419,-0.0951297,-0.0990046,-0.103861,-0.109698,-0.116516,-0.122533,-0.128461,-0.13463,-0.140877,1
0.0607055,0.0597956,0.0579048,0.0550329,0.05118,0.0463461,0.0405312,0.0337354,0.0259585,0.0172006,0.00746174,-0.00325814,-0.014959,-0.0276409,-0.0413038,-0.0470659,-0.0452011,-0.0443173,-0.0444146,-0.0454928,-0.047552,-0.0505923,-0.0546135,-0.0596157,-0.065599,-0.0725632,-0.0805084,-0.0894346,-0.0993419,-0.11023,-0.117273,-0.120796,-0.125299,-0.130784,-0.137249,-0.144696,0
0.0607055,0.0597956,0.0579048,0.0550329,0.05118,0.0463461,0.0405312,0.0337354,0.0259585,0.0172006,0.00746174,-0.00325814,-0.014959,-0.0276409,-0.0413038,-0.047437,-0.0466535,-0.046851,-0.0480294,-0.0501889,-0.0533294,-0.0574509,-0.0625534,-0.0686369,-0.0757013,-0.0837468,-0.0927733,-0.0991565,-0.103116,-0.108057,-0.113978,-0.120881,-0.126892,-0.132884,-0.139095,-0.14539,1
0.080215,0.0788255,0.0764549,0.0731033,0.0687707,0.0634571,0.0571625,0.0498869,0.0416304,0.0323928,0.0221742,0.0109746,-0.00120599,-0.0143676,-0.0285102,-0.0436337,-0.0469702,-0.0450158,-0.0440423,-0.0440498,-0.0450384,-0.0470079,-0.0499584,-0.05389,-0.0588025,-0.0646961,-0.0715706,-0.0794261,-0.0882627,-0.0980802,-0.108879,-0.120658,-0.129867,-0.133452,-0.138018,-0.143564,0
0.080215,0.0788255,0.0764549,0.0731033,0.0687707,0.0634571,0.0571625,0.0498869,0.0416304,0.0323928,0.0221742,0.0109746,-0.00120599,-0.0143676,-0.0285102,-0.0436337,-0.0475708,-0.0467965,-0.0470033,-0.048191,-0.0503597,-0.0535094,-0.0576402,-0.0627519,-0.0688446,-0.0759184,-0.0839731,-0.0930088,-0.103026,-0.109304,-0.113635,-0.118946,-0.125239,-0.132512,-0.139736,-0.145855,1
0.058772,0.0574815,0.05521,0.0519575,0.047724,0.0425095,0.036314,0.0291375,0.02098,0.0118415,0.00172196,-0.00937854,-0.02146,-0.0345226,-0.0465973,-0.0443551,-0.0431298,-0.0428854,-0.0436221,-0.0453398,-0.0480385,-0.0517182,-0.0563788,-0.0620205,-0.0686432,-0.0762469,-0.0848316,-0.0943972,-0.104944,-0.113271,-0.11659,-0.120889,-0.12617,-0.132432,-0.139674,-0.147898,0
0.058772,0.0574815,0.05521,0.0519575,0.047724,0.0425095,0.036314,0.0291375,0.02098,0.0118415,0.00172196,-0.00937854,-0.02146,-0.0345226,-0.0465711,-0.0453676,-0.0452068,-0.0460269,-0.0478281,-0.0506102,-0.0543733,-0.0591175,-0.0648426,-0.0715488,-0.0792359,-0.087904,-0.0954653,-0.09917,-0.103856,-0.109522,-0.11617,-0.122358,-0.128137,-0.13429,-0.140473,-0.146812,1
0.0681922,0.0671372,0.0651011,0.062084,0.058086,0.0531069,0.0471469,0.0402058,0.0322837,0.0233807,0.0134966,0.00263152,-0.00921454,-0.0220416,-0.0358497,-0.0451702,-0.0430459,-0.0419025,-0.0417402,-0.0425588,-0.0443585,-0.0471391,-0.0509008,-0.0556434,-0.0613671,-0.0680717,-0.0757574,-0.084424,-0.0940717,-0.1047,-0.116219,-0.119653,-0.123677,-0.128683,-0.134669,-0.141636,0
0.0681922,0.0671372,0.0651011,0.062084,0.058086,0.0531069,0.0471469,0.0402058,0.0322837,0.0233807,0.0134966,0.00263152,-0.00921454,-0.0220416,-0.0358497,-0.0453269,-0.0443083,-0.0442707,-0.0452141,-0.0471386,-0.050044,-0.0539304,-0.0587978,-0.0646462,-0.0714757,-0.0792861,-0.0880775,-0.0975344,-0.101142,-0.105685,-0.111209,-0.117714,-0.124999,-0.130545,-0.13702,-0.143268,1
0.0769315,0.075487,0.0730614,0.0696549,0.0652674,0.0598989,0.0535494,0.0462188,0.0379073,0.0286148,0.0183413,0.00708674,-0.00514878,-0.0183653,-0.0325628,-0.0463355,-0.0438465,-0.0423529,-0.0418404,-0.0423088,-0.0437583,-0.0461887,-0.0496002,-0.0539926,-0.059366,-0.0657205,-0.0730559,-0.0813724,-0.0906698,-0.100948,-0.112208,-0.123501,-0.126761,-0.131019,-0.136258,-0.142478,0
0.0769315,0.075487,0.0730614,0.0696549,0.0652674,0.0598989,0.0535494,0.0462188,0.0379073,0.0286148,0.0183413,0.00708674,-0.00514878,-0.0183653,-0.0325628,-0.0462868,-0.0449012,-0.0445617,-0.0452032,-0.0468258,-0.0494293,-0.0530138,-0.0575794,-0.0631259,-0.0696534,-0.077162,-0.0856515,-0.095122,-0.103374,-0.107315,-0.112237,-0.11814,-0.125023,-0.132552,-0.138334,-0.145083,1
0.0687287,0.0680023,0.0662949,0.0636064,0.059937,0.0552866,0.0496551,0.0430427,0.0354493,0.0268748,0.0173194,0.00678298,-0.00473445,-0.0172329,-0.0307123,-0.0441413,-0.0418185,-0.0404437,-0.0400498,-0.040637,-0.0422051,-0.0447543,-0.0482844,-0.0527955,-0.0582877,-0.0647608,-0.072215,-0.0806501,-0.0900663,-0.100463,-0.111842,-0.11657,-0.120418,-0.125248,-0.131058,-0.13785,0
0.0687287,0.0680023,0.0662949,0.0636064,0.059937,0.0552866,0.0496551,0.0430427,0.0354493,0.0268748,0.0173194,0.00678298,-0.00473445,-0.0172329,-0.0307123,-0.0440894,-0.0428008,-0.042527,-0.0432343,-0.0449225,-0.0475918,-0.051242,-0.0558732,-0.0614855,-0.0680787,-0.0756529,-0.0842082,-0.0937444,-0.0981428,-0.102488,-0.107815,-0.114123,-0.121408,-0.127035,-0.133364,-0.139609,1
0.0731962,0.0721332,0.0700893,0.0670644,0.0630585,0.0580716,0.0521037,0.0451548,0.0372249,0.0283139,0.018422,0.00754911,-0.0043048,-0.0171397,-0.0309556,-0.0457525,-0.0451958,-0.043556,-0.0428972,-0.0432195,-0.0445227,-0.0468069,-0.0500721,-0.0543184,-0.0595456,-0.0657538,-0.072943,-0.0811133,-0.0902645,-0.100397,-0.11151,-0.12252,-0.125757,-0.129996,-0.135217,-0.141419,0
0.0731962,0.0721332,0.0700893,0.0670644,0.0630585,0.0580716,0.0521037,0.0451548,0.0372249,0.0283139,0.018422,0.00754911,-0.0043048,-0.0171397,-0.0309556,-0.0457525,-0.046022,-0.0455219,-0.0460027,-0.0474646,-0.0499074,-0.0533313,-0.0577362,-0.063122,-0.0694889,-0.0768367,-0.0851656,-0.0944755,-0.102782,-0.106656,-0.111512,-0.117349,-0.124168,-0.131522,-0.13727,-0.143954,1
0.0662252,0.0654046,0.063603,0.0608204,0.0570568,0.0523122,0.0465866,0.03988,0.0321924,0.0235238,0.0138742,0.00324355,-0.00836806,-0.0209607,-0.0345343,-0.0447777,-0.0437225,-0.0436483,-0.0445551,-0.0464428,-0.0493116,-0.0531614,-0.0579921,-0.0638039,-0.0705967,-0.0783705,-0.0871252,-0.0960386,-0.099609,-0.104196,-0.109763,-0.116312,-0.123272,-0.128865,-0.135282,-0.141496,1
0.0662252,0.0654046,0.063603,0.0608204,0.0570568,0.0523122,0.0465866,0.03988,0.0321924,0.0235238,0.0138742,0.00324355,-0.00836806,-0.0209607,-0.0345343,-0.044685,-0.0425362,-0.0413684,-0.0411816,-0.0419758,-0.043751,-0.0465072,-0.0502444,-0.0549626,-0.0606618,-0.067342,-0.0750032,-0.0836454,-0.0932687,-0.103873,-0.11463,-0.11775,-0.121861,-0.126953,-0.133026,-0.140081,0
0.080002,0.0794953,0.0780076,0.075539,0.0720893,0.0676586,0.0622469,0.0558542,0.0484805,0.0401258,0.0307902,0.0204735,0.00917578,-0.0031029,-0.0163626,-0.0306033,-0.045825,-0.0462143,-0.0456622,-0.0460911,-0.047501,-0.0498919,-0.0532638,-0.0576167,-0.0629506,-0.0692655,-0.0765614,-0.0848383,-0.0940962,-0.104331,-0.10854,-0.113148,-0.118737,-0.125307,-0.132858,-0.139301,1
0.080002,0.0794953,0.0780076,0.075539,0.0720893,0.0676586,0.0622469,0.0558542,0.0484805,0.0401258,0.0307902,0.0204735,0.00917578,-0.0031029,-0.0163626,-0.0306033,-0.045825,-0.0453725,-0.0436494,-0.0429073,-0.0431461,-0.044366,-0.0465668,-0.0497487,-0.0539115,-0.0590554,-0.0651803,-0.0722861,-0.080373,-0.0894408,-0.0994897,-0.11052,-0.12253,-0.128679,-0.132566,-0.137435,0
0.0596858,0.0582285,0.0557902,0.0523709,0.0479707,0.0425894,0.0362271,0.0288838,0.0205596,0.0112543,0.000968014,-0.0102993,-0.0225475,-0.0357768,-0.0471962,-0.0460593,-0.0459318,-0.0467853,-0.0486198,-0.0514353,-0.0552318,-0.0600093,-0.0657679,-0.0725074,-0.0802279,-0.0889294,-0.0968401,-0.100519,-0.105184,-0.110829,-0.117456,-0.123856,-0.12959,-0.135826,-0.14203,-0.148396,1
0.0596858,0.0582285,0.0557902,0.0523709,0.0479707,0.0425894,0.0362271,0.0288838,0.0205596,0.0112543,0.000968014,-0.0102993,-0.0225475,-0.0357768,-0.0471879,-0.0449888,-0.0437878,-0.0435678,-0.0443289,-0.0460709,-0.0487939,-0.052498,-0.057183,-0.062849,-0.0694961,-0.0771241,-0.0857331,-0.0953231,-0.105894,-0.114891,-0.118161,-0.122411,-0.127642,-0.133854,-0.141047,-0.149222,0
0.0640707,0.0630166,0.0609815,0.0579654,0.0539683,0.0489902,0.0430312,0.0360911,0.02817,0.0192679,0.00938482,-0.00147926,-0.0133243,-0.0261504,-0.0399575,-0.0471058,-0.0462443,-0.0463638,-0.0474643,-0.0495458,-0.0526082,-0.0566517,-0.0616762,-0.0676817,-0.0746682,-0.0826357,-0.0915841,-0.0993754,-0.103166,-0.107938,-0.11369,-0.120424,-0.127051,-0.132837,-0.139229,-0.145523,1
0.0640707,0.0630166,0.0609815,0.0579654,0.0539683,0.0489902,0.0430312,0.0360911,0.02817,0.0192679,0.00938482,-0.00147926,-0.0133243,-0.0261504,-0.0399575,-0.046794,-0.0448357,-0.0438584,-0.043862,-0.0448467,-0.0468124,-0.0497591,-0.0536868,-0.0585955,-0.0644851,-0.0713558,-0.0792075,-0.0880402,-0.0978539,-0.108649,-0.117988,-0.121292,-0.125576,-0.130841,-0.137088,-0.144315,0
0.088544,0.0875184,0.0855118,0.0825241,0.0785555,0.0736059,0.0676752,0.0607636,0.052871,0.0439973,0.0341427,0.0233071,0.0114904,-0.00130721,-0.0150858,-0.0298455,-0.0455861,-0.046682,-0.0460191,-0.0463371,-0.0476361,-0.0499161,-0.0531771,-0.0574191,-0.0626422,-0.0688462,-0.0760312,-0.0841972,-0.0933442,-0.103472,-0.111301,-0.115527,-0.120735,-0.126924,-0.134094,-0.142186,1
0.088544,0.0875184,0.0855118,0.0825241,0.0785555,0.0736059,0.0676752,0.0607636,0.052871,0.0439973,0.0341427,0.0233071,0.0114904,-0.00130721,-0.0150858,-0.0298455,-0.0455861,-0.0458558,-0.0439766,-0.0430785,-0.0431613,-0.0442252,-0.0462701,-0.0492959,-0.0533028,-0.0582906,-0.0642595,-0.0712093,-0.0791402,-0.0880521,-0.0979449,-0.108819,-0.120674,-0.132893,-0.136301,-0.140657,0
0.0665935,0.0655316,0.0634887,0.0604647,0.0564598,0.0514739,0.0455069,0.038559,0.0306301,0.0217201,0.0118292,0.00095728,-0.0108957,-0.0237296,-0.0375445,-0.0438009,-0.0429956,-0.0431713,-0.0443279,-0.0464656,-0.0495843,-0.053684,-0.0587646,-0.0648263,-0.071869,-0.0798926,-0.0888973,-0.0961732,-0.100033,-0.104874,-0.110696,-0.117499,-0.123936,-0.129797,-0.136143,-0.142454,1
0.0665935,0.0655316,0.0634887,0.0604647,0.0564598,0.0514739,0.0455069,0.038559,0.0306301,0.0217201,0.0118292,0.00095728,-0.0108957,-0.0237296,-0.0375445,-0.0434293,-0.0415309,-0.0406136,-0.0406772,-0.0417218,-0.0437474,-0.046754,-0.0507416,-0.0557102,-0.0616599,-0.0685905,-0.0765021,-0.0853947,-0.0952683,-0.106123,-0.114645,-0.118032,-0.122399,-0.127748,-0.134078,-0.141389,0
0.0683938,0.0677105,0.0660463,0.063401,0.0597747,0.0551675,0.0495792,0.0430099,0.0354597,0.0269284,0.0174161,0.00692288,-0.00455139,-0.0170067,-0.0304429,-0.0444998,-0.042442,-0.0410081,-0.0405552,-0.0410833,-0.0425924,-0.0450825,-0.0485536,-0.0530057,-0.0584388,-0.0648529,-0.072248,-0.0806242,-0.0899813,-0.100319,-0.111638,-0.116973,-0.120754,-0.125516,-0.131259,-0.137983,0
0.0683938,0.0677105,0.0660463,0.063401,0.0597747,0.0551675,0.0495792,0.0430099,0.0354597,0.0269284,0.0174161,0.00692288,-0.00455139,-0.0170067,-0.0304429,-0.0444597,-0.0433636,-0.0430319,-0.0436812,-0.0453115,-0.0479228,-0.0515151,-0.0560884,-0.0616427,-0.0681779,-0.0756942,-0.0841915,-0.0936698,-0.0984925,-0.102774,-0.108037,-0.11428,-0.121505,-0.127275,-0.133537,-0.139814,1
0.0863896,0.0853247,0.0832788,0.080252,0.0762441,0.0712552,0.0652853,0.0583345,0.0504026,0.0414897,0.0315958,0.020721,0.00886508,-0.0039718,-0.0177897,-0.0325886,-0.0456309,-0.0430987,-0.0415753,-0.0410329,-0.0414715,-0.0428911,-0.0452916,-0.0486732,-0.0530358,-0.0583794,-0.064704,-0.0720096,-0.0802962,-0.0895638,-0.0998124,-0.111042,-0.123253,-0.129875,-0.133778,-0.138661,0
0.0863896,0.0853247,0.0832788,0.080252,0.0762441,0.0712552,0.0652853,0.0583345,0.0504026,0.0414897,0.0315958,0.020721,0.00886508,-0.0039718,-0.0177897,-0.0325886,-0.0456264,-0.044272,-0.0439432,-0.0445954,-0.0462286,-0.0488428,-0.052438,-0.0570142,-0.0625714,-0.0691097,-0.0766289,-0.0851291,-0.0946103,-0.105051,-0.109214,-0.113905,-0.119578,-0.126231,-0.133865,-0.140587,1
0.0793375,0.0780205,0.0757225,0.0724435,0.0681835,0.0629425,0.0567205,0.0495175,0.0413335,0.0321685,0.0220225,0.0108956,-0.00121244,-0.0143014,-0.0283714,-0.0434224,-0.0459448,-0.0452719,-0.0455799,-0.046869,-0.0491391,-0.0523901,-0.0566222,-0.0618353,-0.0680294,-0.0752044,-0.0833605,-0.0924976,-0.102616,-0.107421,-0.111928,-0.117416,-0.123885,-0.131335,-0.13793,-0.144255,1
0.0793375,0.0780205,0.0757225,0.0724435,0.0681835,0.0629425,0.0567205,0.0495175,0.0413335,0.0321685,0.0220225,0.0108956,-0.00121244,-0.0143014,-0.0283714,-0.0434224,-0.0452539,-0.043412,-0.0425511,-0.0426712,-0.0437723,-0.0458544,-0.0489175,-0.0529616,-0.0579867,-0.0639928,-0.0709799,-0.078948,-0.0878971,-0.0978272,-0.108738,-0.12063,-0.127513,-0.131312,-0.136091,-0.141852,0
0.071157,0.0698351,0.0675322,0.0642483,0.0599834,0.0547375,0.0485106,0.0413027,0.0331138,0.0239439,0.013793,0.00266108,-0.00945182,-0.0225457,-0.0366206,-0.0447686,-0.0438139,-0.0438402,-0.0448475,-0.0468358,-0.0498051,-0.0537555,-0.0586868,-0.0645991,-0.0714924,-0.0793667,-0.088222,-0.0979769,-0.10177,-0.106289,-0.111788,-0.118269,-0.125715,-0.131388,-0.137838,-0.144193,1
0.071157,0.0698351,0.0675322,0.0642483,0.0599834,0.0547375,0.0485106,0.0413027,0.0331138,0.0239439,0.013793,0.00266108,-0.00945182,-0.0225457,-0.0366206,-0.0445084,-0.0424336,-0.0413399,-0.0412272,-0.0420955,-0.0439448,-0.0467751,-0.0505864,-0.0553787,-0.061152,-0.0679063,-0.0756416,-0.0843579,-0.0940552,-0.104733,-0.116393,-0.120625,-0.124585,-0.129527,-0.135449,-0.142352,0
0.085187,0.0838798,0.0815916,0.0783224,0.0740723,0.0688411,0.0626289,0.0554357,0.0472615,0.0381064,0.0279702,0.016853,0.0047548,-0.00832438,-0.0223846,-0.0374257,-0.0432934,-0.0424091,-0.0425057,-0.0435833,-0.045642,-0.0486816,-0.0527023,-0.0577039,-0.0636865,-0.0706502,-0.0785948,-0.0875205,-0.0974271,-0.104537,-0.108751,-0.113947,-0.120124,-0.127282,-0.134799,-0.140788,1
0.085187,0.0838798,0.0815916,0.0783224,0.0740723,0.0688411,0.0626289,0.0554357,0.0472615,0.0381064,0.0279702,0.016853,0.0047548,-0.00832438,-0.0223846,-0.0374257,-0.0428262,-0.0407596,-0.0396739,-0.0395693,-0.0404457,-0.0423031,-0.0451415,-0.0489609,-0.0537613,-0.0595427,-0.066305,-0.0740484,-0.0827728,-0.0924782,-0.103165,-0.114832,-0.125229,-0.12869,-0.133136,-0.138563,0
0.0850705,0.0843852,0.082719,0.0800718,0.0764435,0.0718343,0.0662441,0.0596729,0.0521206,0.0435874,0.0340732,0.0235779,0.0121017,-0.00035551,-0.0137937,-0.028213,-0.0436132,-0.046255,-0.0455399,-0.0458057,-0.0470525,-0.0492804,-0.0524892,-0.056679,-0.0618499,-0.0680017,-0.0751345,-0.0832484,-0.0923432,-0.102419,-0.109248,-0.11355,-0.118832,-0.125096,-0.13234,-0.139955,1
0.0850705,0.0843852,0.082719,0.0800718,0.0764435,0.0718343,0.0662441,0.0596729,0.0521206,0.0435874,0.0340732,0.0235779,0.0121017,-0.00035551,-0.0137937,-0.028213,-0.0436132,-0.0455526,-0.0436427,-0.0427138,-0.0427659,-0.043799,-0.0458131,-0.0488082,-0.0527843,-0.0577414,-0.0636794,-0.0705985,-0.0784986,-0.0873797,-0.0972418,-0.108085,-0.119909,-0.130263,-0.133772,-0.138264,0
0.0697785,0.0686891,0.0666187,0.0635673,0.0595349,0.0545215,0.0485271,0.0415517,0.0335953,0.0246579,0.0147395,0.00384013,-0.00804027,-0.0209017,-0.0347441,-0.0428145,-0.0407609,-0.0396882,-0.0395966,-0.040486,-0.0423563,-0.0452077,-0.0490401,-0.0538534,-0.0596478,-0.0664232,-0.0741795,-0.0829169,-0.0926353,-0.103335,-0.114362,-0.11751,-0.121625,-0.126722,-0.132799,-0.139857,0
0.0697785,0.0686891,0.0666187,0.0635673,0.0595349,0.0545215,0.0485271,0.0415517,0.0335953,0.0246579,0.0147395,0.00384013,-0.00804027,-0.0209017,-0.0347441,-0.0430512,-0.042102,-0.0421337,-0.0431465,-0.0451403,-0.048115,-0.0520708,-0.0570075,-0.0629253,-0.0698241,-0.0777038,-0.0865646,-0.09552,-0.0991275,-0.103752,-0.109357,-0.115943,-0.123054,-0.128656,-0.135141,-0.141394,1
0.0864865,0.0852166,0.0829657,0.0797338,0.0755209,0.070327,0.0641521,0.0569962,0.0488593,0.0397414,0.0296425,0.0185626,0.00650168,-0.00654022,-0.0205631,-0.035567,-0.046598,-0.0441817,-0.0427464,-0.0422922,-0.0428189,-0.0443266,-0.0468153,-0.050285,-0.0547357,-0.0601674,-0.0665801,-0.0739738,-0.0823486,-0.0917043,-0.102041,-0.113359,-0.125657,-0.132237,-0.136166,-0.141076,0
0.0864865,0.0852166,0.0829657,0.0797338,0.0755209,0.070327,0.0641521,0.0569962,0.0488593,0.0397414,0.0296425,0.0185626,0.00650168,-0.00654022,-0.0205631,-0.035567,-0.0467116,-0.0454968,-0.0452631,-0.0460104,-0.0477387,-0.050448,-0.0541383,-0.0588095,-0.0644618,-0.0710951,-0.0787094,-0.0873047,-0.096881,-0.107364,-0.111412,-0.116151,-0.121871,-0.128572,-0.136254,-0.143031,1
0.0640547,0.0635382,0.0620408,0.0595623,0.0561028,0.0516623,0.0462408,0.0398383,0.0324548,0.0240903,0.0147448,0.00441828,-0.00688921,-0.0191777,-0.0324472,-0.0463724,-0.044378,-0.0429765,-0.0425561,-0.0431166,-0.0446582,-0.0471807,-0.0506843,-0.0551688,-0.0606344,-0.0670809,-0.0745085,-0.082917,-0.0923066,-0.102677,-0.114028,-0.117876,-0.121797,-0.126698,-0.132581,-0.139445,0
0.0640547,0.0635382,0.0620408,0.0595623,0.0561028,0.0516623,0.0462408,0.0398383,0.0324548,0.0240903,0.0147448,0.00441828,-0.00688921,-0.0191777,-0.0324472,-0.0463345,-0.045284,-0.0449715,-0.0456401,-0.0472896,-0.0499201,-0.0535317,-0.0581242,-0.0636977,-0.0702523,-0.0777878,-0.0863043,-0.095797,-0.0997429,-0.104126,-0.10949,-0.115835,-0.123033,-0.128495,-0.134857,-0.141009,1
0.0675517,0.0670381,0.0655436,0.063068,0.0596115,0.0551739,0.0497553,0.0433558,0.0359752,0.0276137,0.0182711,0.00794758,-0.00335698,-0.0156425,-0.0289091,-0.0431566,-0.0428584,-0.0413083,-0.0407391,-0.0411509,-0.0425438,-0.0449176,-0.0482725,-0.0526083,-0.0579251,-0.064223,-0.0715018,-0.0797617,-0.0890025,-0.0992243,-0.110427,-0.116445,-0.120137,-0.124811,-0.130465,-0.1371,0
0.0675517,0.0670381,0.0655436,0.063068,0.0596115,0.0551739,0.0497553,0.0433558,0.0359752,0.0276137,0.0182711,0.00794758,-0.00335698,-0.0156425,-0.0289091,-0.0431566,-0.0436388,-0.0431875,-0.0437171,-0.0452277,-0.0477194,-0.051192,-0.0556457,-0.0610803,-0.0674959,-0.0748926,-0.0832702,-0.0926289,-0.0980031,-0.102185,-0.107347,-0.11349,-0.120615,-0.126522,-0.132691,-0.138976,1
0.0736383,0.0726293,0.0706394,0.0676684,0.0637165,0.0587835,0.0528695,0.0459746,0.0380986,0.0292417,0.0194037,0.00858475,-0.00321521,-0.0159962,-0.0297581,-0.0445011,-0.0461034,-0.0455244,-0.0459264,-0.0473095,-0.0496735,-0.0530185,-0.0573445,-0.0626515,-0.0689396,-0.0762086,-0.0844586,-0.0936896,-0.102585,-0.106354,-0.111131,-0.116888,-0.123626,-0.131139,-0.136835,-0.143484,1
0.0736383,0.0726293,0.0706394,0.0676684,0.0637165,0.0587835,0.0528695,0.0459746,0.0380986,0.0292417,0.0194037,0.00858475,-0.00321521,-0.0159962,-0.0297581,-0.0445011,-0.0453697,-0.0436505,-0.0429122,-0.043155,-0.0443787,-0.0465834,-0.0497692,-0.0539359,-0.0590836,-0.0652124,-0.0723221,-0.0804129,-0.0894846,-0.0995373,-0.110571,-0.122253,-0.125556,-0.129711,-0.134847,-0.140964,0
0.0707501,0.0700335,0.0683359,0.0656573,0.0619977,0.057357,0.0517354,0.0451328,0.0375492,0.0289846,0.0194389,0.00891232,-0.0025953,-0.0150839,-0.0285535,-0.0429543,-0.0424093,-0.0420161,-0.0426039,-0.0441726,-0.0467224,-0.0502532,-0.0547649,-0.0602577,-0.0667314,-0.0741862,-0.082622,-0.0920387,-0.0976406,-0.101823,-0.106986,-0.11313,-0.120256,-0.126338,-0.132488,-0.13885,1
0.0707501,0.0700335,0.0683359,0.0656573,0.0619977,0.057357,0.0517354,0.0451328,0.0375492,0.0289846,0.0194389,0.00891232,-0.0025953,-0.0150839,-0.0285535,-0.0429631,-0.041546,-0.0400444,-0.0395238,-0.0399843,-0.0414257,-0.0438481,-0.0472515,-0.0516359,-0.0570014,-0.0633478,-0.0706752,-0.0789836,-0.088273,-0.0985435,-0.109795,-0.116355,-0.120015,-0.124657,-0.13028,-0.136884,0
0.0861958,0.0854017,0.0836265,0.0808704,0.0771333,0.0724152,0.0667161,0.0600359,0.0523748,0.0437327,0.0341096,0.0235055,0.0119203,-0.000645773,-0.0141929,-0.028721,-0.0442301,-0.0470708,-0.0450827,-0.0440755,-0.0440494,-0.0450042,-0.0469401,-0.049857,-0.0537548,-0.0586337,-0.0644935,-0.0713344,-0.0791562,-0.0879591,-0.0977429,-0.108508,-0.120254,-0.132538,-0.135963,-0.140281,0
0.0861958,0.0854017,0.0836265,0.0808704,0.0771333,0.0724152,0.0667161,0.0600359,0.0523748,0.0437327,0.0341096,0.0235055,0.0119203,-0.000645773,-0.0141929,-0.028721,-0.0442301,-0.0477218,-0.046938,-0.0471352,-0.0483134,-0.0504727,-0.0536129,-0.0577341,-0.0628363,-0.0689195,-0.0759837,-0.0840289,-0.0930552,-0.103062,-0.111198,-0.115356,-0.120495,-0.126614,-0.133715,-0.141755,1
0.0801454,0.0790668,0.0770072,0.0739666,0.069945,0.0649423,0.0589587,0.0519941,0.0440485,0.0351219,0.0252143,0.0143257,0.00245608,-0.0103945,-0.0242261,-0.0390387,-0.0439928,-0.0419888,-0.0409659,-0.040924,-0.041863,-0.0437831,-0.0466841,-0.0505662,-0.0554293,-0.0612733,-0.0680984,-0.0759044,-0.0846915,-0.0944596,-0.105209,-0.116939,-0.124823,-0.128499,-0.133155,-0.138793,0
0.0801454,0.0790668,0.0770072,0.0739666,0.069945,0.0649423,0.0589587,0.0519941,0.0440485,0.0351219,0.0252143,0.0143257,0.00245608,-0.0103945,-0.0242261,-0.0390387,-0.044476,-0.0436362,-0.0437774,-0.0448996,-0.0470028,-0.050087,-0.0541522,-0.0591984,-0.0652256,-0.0722338,-0.0802231,-0.0891933,-0.0991445,-0.104768,-0.109138,-0.114489,-0.120821,-0.128134,-0.134924,-0.141124,1
0.0801478,0.0791349,0.077141,0.0741661,0.0702103,0.0652734,0.0593555,0.0524566,0.0445767,0.0357158,0.025874,0.0150511,0.0032472,-0.00953768,-0.0233036,-0.0380504,-0.0430276,-0.0422208,-0.0423951,-0.0435503,-0.0456865,-0.0488038,-0.052902,-0.0579812,-0.0640415,-0.0710827,-0.0791049,-0.0881081,-0.0980924,-0.103077,-0.107518,-0.112941,-0.119345,-0.126729,-0.133238,-0.139524,1
0.0801478,0.0791349,0.077141,0.0741661,0.0702103,0.0652734,0.0593555,0.0524566,0.0445767,0.0357158,0.025874,0.0150511,0.0032472,-0.00953768,-0.0233036,-0.0380504,-0.0425198,-0.0405615,-0.0395841,-0.0395877,-0.0405724,-0.042538,-0.0454846,-0.0494123,-0.0543209,-0.0602106,-0.0670812,-0.0749328,-0.0837655,-0.0935791,-0.104374,-0.116149,-0.122867,-0.12665,-0.131414,-0.137159,0
0.0609925,0.0600415,0.0581094,0.0551963,0.0513022,0.0464271,0.0405711,0.033734,0.0259159,0.0171168,0.00733675,-0.00342433,-0.0151664,-0.0278895,-0.0415936,-0.0464079,-0.045714,-0.0460012,-0.0472693,-0.0495184,-0.0527485,-0.0569596,-0.0621517,-0.0683248,-0.0754789,-0.083614,-0.0927302,-0.0983875,-0.102453,-0.1075,-0.113527,-0.120536,-0.12629,-0.132394,-0.138547,-0.144842,1
0.0609925,0.0600415,0.0581094,0.0551963,0.0513022,0.0464271,0.0405711,0.033734,0.0259159,0.0171168,0.00733675,-0.00342433,-0.0151664,-0.0278895,-0.0415936,-0.0459471,-0.0441759,-0.0433856,-0.0435764,-0.0447482,-0.046901,-0.0500348,-0.0541496,-0.0592454,-0.0653222,-0.0723799,-0.0804187,-0.0894385,-0.0994393,-0.110421,-0.11639,-0.120029,-0.124649,-0.13025,-0.136832,-0.144395,0
0.0600647,0.058681,0.0563163,0.0529706,0.0486439,0.0433362,0.0370475,0.0297778,0.0215271,0.0122954,0.00208268,-0.00911102,-0.0212857,-0.0344414,-0.0482685,-0.0463024,-0.0449164,-0.0445114,-0.0450874,-0.0466444,-0.0491825,-0.0527015,-0.0572015,-0.0626825,-0.0691445,-0.0765875,-0.0850115,-0.0944165,-0.104803,-0.115916,-0.119109,-0.123112,-0.128096,-0.134062,-0.141008,-0.148935,0
0.0600647,0.058681,0.0563163,0.0529706,0.0486439,0.0433362,0.0370475,0.0297778,0.0215271,0.0122954,0.00208268,-0.00911102,-0.0212857,-0.0344414,-0.0482317,-0.0471998,-0.0468949,-0.0475709,-0.0492279,-0.0518659,-0.055485,-0.060085,-0.065666,-0.072228,-0.0797711,-0.0882951,-0.0976275,-0.101216,-0.105655,-0.111076,-0.117477,-0.124464,-0.129942,-0.136283,-0.142417,-0.148763,1
0.0681936,0.0672611,0.0653477,0.0624533,0.0585778,0.0537214,0.0478839,0.0410655,0.0332661,0.0244856,0.0147242,0.00398173,-0.00774171,-0.0204461,-0.0341316,-0.0484645,-0.0463892,-0.0448996,-0.044391,-0.0448634,-0.0463168,-0.0487512,-0.0521667,-0.0565631,-0.0619405,-0.0682989,-0.0756383,-0.0839587,-0.0932602,-0.103543,-0.114806,-0.122576,-0.126136,-0.130676,-0.136197,-0.142699,0
0.0681936,0.0672611,0.0653477,0.0624533,0.0585778,0.0537214,0.0478839,0.0410655,0.0332661,0.0244856,0.0147242,0.00398173,-0.00774171,-0.0204461,-0.0341316,-0.0484256,-0.0473238,-0.0469559,-0.047569,-0.0491631,-0.0517382,-0.0552943,-0.0598315,-0.0653496,-0.0718487,-0.0793288,-0.0877899,-0.097232,-0.103509,-0.107629,-0.112731,-0.118813,-0.125876,-0.132352,-0.138401,-0.144904,1
0.0690013,0.0676716,0.0653608,0.0620691,0.0577963,0.0525426,0.0463078,0.0390921,0.0308953,0.0217176,0.0115589,0.000419107,-0.0117016,-0.0248034,-0.0388861,-0.0479755,-0.0469586,-0.0469227,-0.0478678,-0.0497939,-0.052701,-0.0565891,-0.0614582,-0.0673083,-0.0741394,-0.0819515,-0.0907446,-0.100519,-0.104932,-0.109359,-0.114768,-0.121157,-0.128527,-0.134452,-0.140802,-0.147229,1
0.0690013,0.0676716,0.0653608,0.0620691,0.0577963,0.0525426,0.0463078,0.0390921,0.0308953,0.0217176,0.0115589,0.000419107,-0.0117016,-0.0248034,-0.0388861,-0.0477771,-0.0456342,-0.0444722,-0.0442912,-0.0450913,-0.0468723,-0.0496343,-0.0533774,-0.0581014,-0.0638064,-0.0704924,-0.0781595,-0.0868075,-0.0964365,-0.107047,-0.118638,-0.12395,-0.127802,-0.132636,-0.13845,-0.145245,0
0.0746184,0.0740116,0.0724239,0.0698551,0.0663054,0.0617746,0.0562629,0.0497701,0.0422964,0.0338416,0.0244059,0.0139891,0.00259138,-0.00978736,-0.0231471,-0.0374879,-0.0432515,-0.041281,-0.0402915,-0.040283,-0.0412554,-0.0432089,-0.0461434,-0.0500589,-0.0549554,-0.0608329,-0.0676913,-0.0755308,-0.0843513,-0.0941528,-0.104935,-0.116699,-0.121007,-0.124985,-0.129944,-0.135885,0
0.0746184,0.0740116,0.0724239,0.0698551,0.0663054,0.0617746,0.0562629,0.0497701,0.0422964,0.0338416,0.0244059,0.0139891,0.00259138,-0.00978736,-0.0231471,-0.0374879,-0.0436582,-0.0428179,-0.0429586,-0.0440804,-0.0461831,-0.0492668,-0.0533315,-0.0583772,-0.064404,-0.0714117,-0.0794004,-0.0883701,-0.0981664,-0.101915,-0.106488,-0.112042,-0.118577,-0.126083,-0.131819,-0.138303,1
0.0808379,0.0796446,0.0774702,0.0743148,0.0701784,0.065061,0.0589626,0.0518832,0.0438229,0.0347815,0.0247591,0.0137557,0.00177131,-0.0111941,-0.0251405,-0.0400679,-0.0444766,-0.0424898,-0.041484,-0.0414593,-0.0424155,-0.0443527,-0.0472709,-0.0511702,-0.0560504,-0.0619116,-0.0687539,-0.0765771,-0.0853813,-0.0951665,-0.105933,-0.11768,-0.126032,-0.129677,-0.134303,-0.13991,0
0.0808379,0.0796446,0.0774702,0.0743148,0.0701784,0.065061,0.0589626,0.0518832,0.0438229,0.0347815,0.0247591,0.0137557,0.00177131,-0.0111941,-0.0251405,-0.0400679,-0.0449999,-0.0441833,-0.0443478,-0.0454932,-0.0476197,-0.0507271,-0.0548156,-0.059885,-0.0659355,-0.072967,-0.0809794,-0.0899729,-0.0999473,-0.105799,-0.110157,-0.115496,-0.121816,-0.129117,-0.136053,-0.142228,1
0.0734577,0.0724144,0.0703901,0.0673848,0.0633985,0.0584312,0.0524829,0.0455537,0.0376434,0.0287521,0.0188798,0.00802648,-0.00380781,-0.0166231,-0.0304194,-0.0451967,-0.0471401,-0.0453458,-0.0445324,-0.0447,-0.0458486,-0.0479782,-0.0510888,-0.0551804,-0.0602531,-0.0663067,-0.0733413,-0.0813569,-0.0903535,-0.100331,-0.11129,-0.123229,-0.127581,-0.1316,-0.136599,-0.142579,0
0.0734577,0.0724144,0.0703901,0.0673848,0.0633985,0.0584312,0.0524829,0.0455537,0.0376434,0.0287521,0.0188798,0.00802648,-0.00380781,-0.0166231,-0.0304194,-0.0451967,-0.0478082,-0.0471604,-0.0474936,-0.0488078,-0.0511029,-0.0543791,-0.0586363,-0.0638745,-0.0700937,-0.0772938,-0.085475,-0.0946372,-0.10441,-0.10812,-0.112782,-0.118426,-0.12505,-0.132654,-0.138515,-0.145047,1
0.0654804,0.0647098,0.0629582,0.0602257,0.0565121,0.0518175,0.0461419,0.0394854,0.0318478,0.0232292,0.0136296,0.00304907,-0.00851251,-0.0210551,-0.0345787,-0.0441408,-0.0420363,-0.0409129,-0.0407705,-0.0416091,-0.0434287,-0.0462293,-0.0500109,-0.0547735,-0.0605171,-0.0672417,-0.0749473,-0.0836339,-0.0933014,-0.10395,-0.113733,-0.116946,-0.12115,-0.126335,-0.1325,-0.139647,0
0.0654804,0.0647098,0.0629582,0.0602257,0.0565121,0.0518175,0.0461419,0.0394854,0.0318478,0.0232292,0.0136296,0.00304907,-0.00851251,-0.0210551,-0.0345787,-0.0442676,-0.0432502,-0.0432139,-0.0441585,-0.0460842,-0.0489908,-0.0528785,-0.0577471,-0.0635968,-0.0704274,-0.0782391,-0.0870317,-0.0953172,-0.0989804,-0.10364,-0.109281,-0.115903,-0.122597,-0.128286,-0.134646,-0.140878,1
0.066937,0.0663753,0.0648327,0.0623091,0.0588045,0.0543189,0.0488522,0.0424046,0.034976,0.0265664,0.0171757,0.00680412,-0.0045485,-0.0168821,-0.0301967,-0.0437726,-0.042553,-0.0422666,-0.0429611,-0.0446367,-0.0472932,-0.0509308,-0.0555493,-0.0611488,-0.0677294,-0.0752909,-0.0838335,-0.0933452,-0.0972378,-0.101632,-0.107008,-0.113365,-0.120577,-0.126046,-0.132417,-0.138578,1
0.066937,0.0663753,0.0648327,0.0623091,0.0588045,0.0543189,0.0488522,0.0424046,0.034976,0.0265664,0.0171757,0.00680412,-0.0045485,-0.0168821,-0.0301967,-0.0438228,-0.0416098,-0.0402336,-0.0398383,-0.0404241,-0.0419908,-0.0445386,-0.0480674,-0.0525771,-0.0580679,-0.0645396,-0.0719924,-0.0804262,-0.0898409,-0.100237,-0.111611,-0.115396,-0.119326,-0.124237,-0.130128,-0.137001,0
0.0708747,0.0697353,0.0676149,0.0645134,0.060431,0.0553676,0.0493231,0.0422977,0.0342913,0.0253038,0.0153354,0.00438598,-0.00754445,-0.0204559,-0.0343483,-0.0436317,-0.041498,-0.0403453,-0.0401736,-0.0409829,-0.0427732,-0.0455445,-0.0492968,-0.0540301,-0.0597444,-0.0664397,-0.074116,-0.0827733,-0.0924116,-0.103031,-0.114631,-0.118593,-0.122564,-0.127516,-0.133448,-0.140362,0
0.0708747,0.0697353,0.0676149,0.0645134,0.060431,0.0553676,0.0493231,0.0422977,0.0342913,0.0253038,0.0153354,0.00438598,-0.00754445,-0.0204559,-0.0343483,-0.0437953,-0.0427745,-0.0427347,-0.0436758,-0.045598,-0.0485012,-0.0523854,-0.0572505,-0.0630967,-0.0699239,-0.0777321,-0.0865212,-0.0961898,-0.0999336,-0.104439,-0.109926,-0.116394,-0.123783,-0.129371,-0.135825,-0.142115,1
0.0680414,0.0668637,0.064705,0.0615653,0.0574446,0.052343,0.0462603,0.0391966,0.0311519,0.0221262,0.0121195,0.00113181,-0.0108369,-0.0237866,-0.0377173,-0.0442722,-0.0434413,-0.0435914,-0.0447225,-0.0468345,-0.0499276,-0.0540017,-0.0590568,-0.0650929,-0.07211,-0.0801081,-0.0890872,-0.0971146,-0.100891,-0.10565,-0.11139,-0.118112,-0.124894,-0.13065,-0.1371,-0.143401,1
0.0680414,0.0668637,0.064705,0.0615653,0.0574446,0.052343,0.0462603,0.0391966,0.0311519,0.0221262,0.0121195,0.00113181,-0.0108369,-0.0237866,-0.0377173,-0.043914,-0.0419805,-0.041028,-0.0410565,-0.042066,-0.0440565,-0.047028,-0.0509805,-0.055914,-0.0618285,-0.0687239,-0.0766004,-0.0854579,-0.0952964,-0.106116,-0.115899,-0.119166,-0.12342,-0.128654,-0.13487,-0.142067,0
0.0623103,0.0617143,0.0601374,0.0575794,0.0540404,0.0495205,0.0440195,0.0375376,0.0300746,0.0216307,0.0122057,0.00179975,-0.00958721,-0.0219552,-0.0353041,-0.0435338,-0.0426328,-0.0427128,-0.0437738,-0.0458158,-0.0488389,-0.0528429,-0.0578279,-0.0637939,-0.0707409,-0.078669,-0.087578,-0.0938672,-0.0977934,-0.1027,-0.108589,-0.115458,-0.121286,-0.127277,-0.13339,-0.139623,1
0.0623103,0.0617143,0.0601374,0.0575794,0.0540404,0.0495205,0.0440195,0.0375376,0.0300746,0.0216307,0.0122057,0.00179975,-0.00958721,-0.0219552,-0.0353041,-0.0433198,-0.0413511,-0.0403635,-0.0403568,-0.0413311,-0.0432864,-0.0462228,-0.0501401,-0.0550384,-0.0609178,-0.0677781,-0.0756194,-0.0844417,-0.0942451,-0.105029,-0.11167,-0.115201,-0.119712,-0.125204,-0.131677,-0.139131,0
0.0701003,0.0692542,0.0674271,0.064619,0.0608299,0.0560598,0.0503087,0.0435766,0.0358634,0.0271693,0.0174942,0.00683811,-0.00479901,-0.0174171,-0.0310162,-0.0455963,-0.0462573,-0.0457557,-0.0462351,-0.0476955,-0.0501369,-0.0535593,-0.0579627,-0.0633471,-0.0697125,-0.0770589,-0.0853863,-0.0946947,-0.102034,-0.106002,-0.110952,-0.116882,-0.123794,-0.130635,-0.136528,-0.143107,1
0.0701003,0.0692542,0.0674271,0.064619,0.0608299,0.0560598,0.0503087,0.0435766,0.0358634,0.0271693,0.0174942,0.00683811,-0.00479901,-0.0174171,-0.0310162,-0.0455963,-0.0454697,-0.0438432,-0.0431977,-0.0435332,-0.0448498,-0.0471473,-0.0504258,-0.0546853,-0.0599258,-0.0661473,-0.0733498,-0.0815334,-0.0906979,-0.100843,-0.11197,-0.121283,-0.124681,-0.129061,-0.134421,-0.140762,0
0.0675899,0.0665888,0.0646067,0.0616435,0.0576994,0.0527743,0.0468682,0.0399811,0.032113,0.0232639,0.0134338,0.00262266,-0.00916945,-0.0219426,-0.0356967,-0.0469884,-0.0447381,-0.0434723,-0.0431875,-0.0438837,-0.0455609,-0.0482191,-0.0518583,-0.0564785,-0.0620797,-0.0686619,-0.0762251,-0.0847693,-0.0942945,-0.104801,-0.116288,-0.121075,-0.124947,-0.1298,-0.135634,-0.142449,0
0.0675899,0.0665888,0.0646067,0.0616435,0.0576994,0.0527743,0.0468682,0.0399811,0.032113,0.0232639,0.0134338,0.00262266,-0.00916945,-0.0219426,-0.0356967,-0.0470247,-0.0458808,-0.0457265,-0.0465531,-0.0483607,-0.0511494,-0.054919,-0.0596697,-0.0654013,-0.072114,-0.0798076,-0.0884822,-0.0981379,-0.102406,-0.106809,-0.112193,-0.118558,-0.125903,-0.131604,-0.137966,-0.144278,1
0.0682883,0.0677954,0.0663214,0.0638665,0.0604305,0.0560136,0.0506156,0.0442366,0.0368767,0.0285357,0.0192138,0.00891084,-0.00237311,-0.0146381,-0.027884,-0.042111,-0.0477161,-0.046916,-0.0470969,-0.0482588,-0.0504016,-0.0535255,-0.0576304,-0.0627163,-0.0687832,-0.0758311,-0.08386,-0.0928698,-0.101938,-0.105593,-0.110265,-0.115919,-0.122553,-0.129885,-0.135507,-0.142071,1
0.0682883,0.0677954,0.0663214,0.0638665,0.0604305,0.0560136,0.0506156,0.0442366,0.0368767,0.0285357,0.0192138,0.00891084,-0.00237311,-0.0146381,-0.027884,-0.042111,-0.0472788,-0.0453613,-0.0444247,-0.0444691,-0.0454945,-0.047501,-0.0504884,-0.0544568,-0.0594062,-0.0653367,-0.0722481,-0.0801405,-0.0890139,-0.0988684,-0.109704,-0.121092,-0.124312,-0.128433,-0.133536,-0.13962,0
0.0703636,0.0694723,0.0676001,0.0647468,0.0609126,0.0560974,0.0503011,0.0435239,0.0357657,0.0270264,0.0173062,0.00660494,-0.0050773,-0.0177405,-0.0313848,-0.0456351,-0.0435356,-0.042067,-0.0415793,-0.0420727,-0.043547,-0.0460024,-0.0494387,-0.0538561,-0.0592544,-0.0656338,-0.0729941,-0.0813355,-0.0906578,-0.100961,-0.112246,-0.119434,-0.123048,-0.127643,-0.133219,-0.139776,0
0.0703636,0.0694723,0.0676001,0.0647468,0.0609126,0.0560974,0.0503011,0.0435239,0.0357657,0.0270264,0.0173062,0.00660494,-0.0050773,-0.0177405,-0.0313848,-0.0455939,-0.0444715,-0.04412,-0.0447494,-0.0463599,-0.0489513,-0.0525238,-0.0570772,-0.0626117,-0.0691271,-0.0766236,-0.085101,-0.0945595,-0.100474,-0.104639,-0.109784,-0.115911,-0.123019,-0.129317,-0.135425,-0.141872,1
0.0703229,0.069312,0.0673201,0.0643471,0.0603932,0.0554583,0.0495424,0.0426455,0.0347675,0.0259086,0.0160687,0.00524777,-0.00655415,-0.0193371,-0.033101,-0.0478448,-0.0477383,-0.0472731,-0.0477888,-0.0492856,-0.0517634,-0.0552221,-0.0596619,-0.0650827,-0.0714844,-0.0788672,-0.087231,-0.0965757,-0.104226,-0.10818,-0.113115,-0.11903,-0.125927,-0.132975,-0.138828,-0.145478,1
0.0703229,0.069312,0.0673201,0.0643471,0.0603932,0.0554583,0.0495424,0.0426455,0.0347675,0.0259086,0.0160687,0.00524777,-0.00655415,-0.0193371,-0.033101,-0.047845,-0.0468902,-0.0452914,-0.0446736,-0.0450368,-0.046381,-0.0487062,-0.0520124,-0.0562996,-0.0615678,-0.0678171,-0.0750473,-0.0832585,-0.0924507,-0.102624,-0.113778,-0.123734,-0.127084,-0.131419,-0.136734,-0.143031,0
0.0805741,0.0794455,0.0773358,0.0742452,0.0701736,0.0651209,0.0590873,0.0520726,0.044077,0.0351003,0.0251427,0.0142041,0.00228443,-0.0106162,-0.0244979,-0.0393605,-0.0450165,-0.0441571,-0.0442787,-0.0453812,-0.0474648,-0.0505294,-0.0545749,-0.0596015,-0.0656091,-0.0725977,-0.0805672,-0.0895178,-0.0994494,-0.105491,-0.109815,-0.11512,-0.121406,-0.128673,-0.135653,-0.141797,1
0.0805741,0.0794455,0.0773358,0.0742452,0.0701736,0.0651209,0.0590873,0.0520726,0.044077,0.0351003,0.0251427,0.0142041,0.00228443,-0.0106162,-0.0244979,-0.0393605,-0.0445451,-0.042517,-0.0414698,-0.0414037,-0.0423186,-0.0442144,-0.0470913,-0.0509491,-0.055788,-0.0616079,-0.0684087,-0.0761906,-0.0849535,-0.0946973,-0.105422,-0.117128,-0.12569,-0.129308,-0.133906,-0.139485,0
0.087417,0.0864042,0.0844103,0.0814354,0.0774795,0.0725426,0.0666248,0.0597259,0.051846,0.0429851,0.0331432,0.0223203,0.0105165,-0.00226842,-0.0160343,-0.0307812,-0.0465091,-0.0472179,-0.0453226,-0.0444084,-0.0444751,-0.0455228,-0.0475515,-0.0505613,-0.054552,-0.0595237,-0.0654764,-0.0724101,-0.0803249,-0.0892206,-0.0990973,-0.109955,-0.121794,-0.134129,-0.137561,-0.141904,0
0.087417,0.0864042,0.0844103,0.0814354,0.0774795,0.0725426,0.0666248,0.0597259,0.051846,0.0429851,0.0331432,0.0223203,0.0105165,-0.00226842,-0.0160343,-0.0307812,-0.0465091,-0.0480126,-0.0473281,-0.0476246,-0.0489021,-0.0511606,-0.0544001,-0.0586205,-0.063822,-0.0700045,-0.077168,-0.0853125,-0.094438,-0.104544,-0.112586,-0.116784,-0.121964,-0.128124,-0.135266,-0.143366,1
0.0665125,0.0653495,0.0632056,0.0600806,0.0559746,0.0508876,0.0448197,0.0377707,0.0297407,0.0207297,0.0107378,-0.000235218,-0.0121892,-0.0251242,-0.0390401,-0.043808,-0.043096,-0.043365,-0.044615,-0.0468461,-0.0500581,-0.0542511,-0.0594251,-0.0655801,-0.0727161,-0.0808331,-0.0899311,-0.0966486,-0.1006,-0.105533,-0.111447,-0.118341,-0.124604,-0.130558,-0.136875,-0.143214,1
0.0665125,0.0653495,0.0632056,0.0600806,0.0559746,0.0508876,0.0448197,0.0377707,0.0297407,0.0207297,0.0107378,-0.000235218,-0.0121892,-0.0251242,-0.0390401,-0.043332,-0.0415272,-0.0407033,-0.0408605,-0.0419986,-0.0441178,-0.047218,-0.0512991,-0.0563613,-0.0624044,-0.0694286,-0.0774337,-0.0864199,-0.0963871,-0.107335,-0.115101,-0.118577,-0.123035,-0.128473,-0.134892,-0.142293,0
